yards_to_goal,yards_to_goal_end,pct
31,1,0.14853328770705715
31,2,0.16891120631950998
31,4,0.1517250835541627
31,6,0.12578642838269408
31,10,0.09278729751892488
31,12,0.06943529794967662
31,13,0.05629071736860123
31,16,0.039246850125713675
31,20,0.14614682140907756
31,31,2.842524161455372e-4
31,100,8.527572484366118e-4
32,1,0.08165329205232762
32,2,0.09478271612532765
32,3,0.09548238677690087
32,4,0.08902136779196335
32,6,0.07821787563023674
32,7,0.07621877639877953
32,8,0.07361788358784124
32,9,0.06867557522792204
32,10,0.06142701321066651
32,11,0.05288372644522515
32,12,0.043981395958000206
32,14,0.02844752153918492
32,18,0.05824000936192234
32,20,0.09621345022911962
32,32,2.842524161455372e-4
32,100,8.527572484366118e-4
33,1,0.06901249402784919
33,2,0.08140644456454176
33,3,0.08349209745943593
33,5,0.0744622581909251
33,6,0.07204639094574129
33,7,0.07138142683565703
33,8,0.07000710552952524
33,9,0.06599242018232133
33,10,0.05915138900752789
33,11,0.050648428355730024
33,12,0.04192846171873973
33,14,0.027904041629787532
33,16,0.0255699891442537
33,17,0.03533014790298752
33,19,0.07889904960612347
33,20,0.09163084523427115
33,33,2.842524161455372e-4
33,100,8.527572484366118e-4
34,1,0.05332518574317081
34,2,0.0637359964981077
34,3,0.06640894713345986
34,4,0.06406338242783252
34,5,0.060946772135646705
34,6,0.059506792713592535
34,7,0.05947988329449558
34,8,0.058999191205384154
34,9,0.05634349249018872
34,10,0.051094954761406075
34,11,0.044142274644077314
34,12,0.03689631959768336
34,14,0.025443077960318236
34,15,0.022349475226421393
34,17,0.030658796263433992
34,19,0.066938617303741
34,20,0.07786136254949394
34,21,0.070818326875213
34,23,0.027377872121497154
34,26,0.002472269390253862
34,34,2.842524161455373e-4
34,100,8.527572484366118e-4
35,1,0.04862669182334992
35,2,0.058704967395445014
35,3,0.06200067543035732
35,4,0.060709977481288646
35,5,0.05846494871593955
35,6,0.0575261357508931
35,7,0.05790634284118856
35,8,0.0580884077324079
35,9,0.05637810337674123
35,10,0.05205068605409137
35,11,0.04571720506561934
35,12,0.03880058803537413
35,13,0.03255941925394077
35,14,0.02753924833306422
35,15,0.02418159594608975
35,17,0.031240585469159414
35,19,0.06657718156598368
35,20,0.07744238907426243
35,21,0.07054743127548713
35,24,0.012376879471431854
35,28,0.001423530243302605
35,35,2.842524161455373e-4
35,100,8.527572484366118e-4
36,1,0.039155499377125424
36,2,0.047631222353335376
36,3,0.05090173982004165
36,4,0.05056270306701744
36,5,0.04931047559907341
36,6,0.0489211262873517
36,7,0.049612346576856196
36,8,0.050377759449241555
36,9,0.049775011846110016
36,10,0.04687174545295664
36,11,0.041895039474977996
36,12,0.03605019645398101
36,13,0.030566866877211246
36,14,0.02598180700785562
36,15,0.022657501259336556
36,16,0.022188291579956054
36,17,0.027747760976281594
36,18,0.04116943260920318
36,19,0.057975729681151646
36,20,0.06736866976781487
36,21,0.06135507816608306
36,22,0.04326797028001423
36,23,0.02387121577174428
36,24,0.010760837055833932
36,28,0.001173315175467543
36,29,0.001030408428569023
36,31,6.832399408265753e-4
36,36,2.842524161455372e-4
36,100,8.527572484366118e-4
37,1,0.04400650407635741
37,2,0.053887591263378505
37,3,0.058191850562718195
37,4,0.058549567630055734
37,5,0.05775117250121042
37,6,0.05774070360269605
37,7,0.0589984589696785
37,8,0.06064275458283482
37,9,0.060950283454170556
37,10,0.058436833908375875
37,11,0.053007417241604925
37,12,0.04605904433908198
37,13,0.03924218797806729
37,14,0.03332627058554523
37,15,0.028777842598952327
37,16,0.027595438327135874
37,17,0.03374188182164108
37,19,0.06939950436596902
37,20,0.08047442173856338
37,24,0.012781215924727004
37,25,0.005302044862653658
37,37,2.842524161455372e-4
37,100,8.527572484366117e-4
38,1,0.035819123891591205
38,2,0.04414682279591039
38,3,0.048105134082515925
38,4,0.048900984657086026
38,5,0.0486676339672485
38,6,0.04898399698808876
38,7,0.05041050711720154
38,8,0.05238215477085908
38,9,0.05339700710430832
38,10,0.05192078353471853
38,11,0.04761588094093756
38,12,0.041644217711088165
38,13,0.03555625531445732
38,14,0.030133746683469805
38,15,0.02583229915652828
38,17,0.02938242985578885
38,18,0.04262381852491144
38,19,0.05942289862345666
38,20,0.0686543412862784
38,21,0.062260894801606174
38,22,0.04376449925596014
38,23,0.024108387196975344
38,25,0.004610705257095533
38,32,5.184668173358624e-4
38,38,2.842524161455372e-4
38,100,8.527572484366117e-4
39,1,0.0347623065661488
39,2,0.043097504475782096
39,3,0.04731034314993468
39,4,0.048492413940977454
39,5,0.048645132889131124
39,6,0.04931058018355986
39,7,0.051130383166534316
39,8,0.053626464522209705
39,9,0.05524049083129303
39,10,0.054241689660737114
39,11,0.0501263876772062
39,12,0.044057639696794805
39,13,0.037712320284927825
39,14,0.03199351314866788
39,15,0.027423613419290994
39,16,0.02582723848507144
39,17,0.03069886972211981
39,18,0.043925159132937194
39,19,0.060662716654151995
39,20,0.06970350501289427
39,21,0.06302923403568061
39,23,0.024475259699735543
39,27,0.0017582192674783332
39,28,0.0013366245501090486
39,35,2.7538016204372185e-4
39,39,2.842524161455372e-4
39,100,8.527572484366118e-4
40,1,0.030973284381504505
40,2,0.03856263773924386
40,3,0.04257356091623979
40,4,0.043970436453095216
40,5,0.04451611223366241
40,6,0.04556171928702836
40,7,0.04768199309839345
40,8,0.050446059690096544
40,9,0.05237431766925248
40,10,0.05177321770112386
40,11,0.048116530322986545
40,12,0.042505035276256
40,13,0.03656763982621855
40,14,0.03121234743670043
40,15,0.02695456743759535
40,16,0.02546508671234384
40,17,0.029924357513684004
40,18,0.04202370390797513
40,19,0.05726865802827035
40,20,0.06534216159154504
40,21,0.0589163246071681
40,22,0.041419750227799215
40,23,0.023049666537578662
40,24,0.01080217525977643
40,25,0.004976038687976519
40,26,0.002774210196337607
40,28,0.001454532703808696
40,32,5.297236129428159e-4
40,40,2.2641509433962264e-4
40,100,0.0020377358490566034
41,1,0.029229355290466767
41,2,0.03646800341835926
41,3,0.04043004774853228
41,4,0.0420753431096413
41,5,0.04307444517277844
41,6,0.04465181787339922
41,7,0.0472847624347079
41,8,0.05050170954693623
41,9,0.052807191981294445
41,10,0.05249965159295692
41,11,0.04906945698464631
41,12,0.04364784986037762
41,13,0.03788236261650398
41,14,0.032684169705767194
41,15,0.028542682556596567
41,16,0.027044484662266242
41,17,0.031248851129265464
41,18,0.04279761077223759
41,19,0.05734369928682919
41,20,0.06488658605021118
41,21,0.05833797416930128
41,22,0.04107597343469129
41,23,0.02304565594652096
41,24,0.01103680592928895
41,25,0.005295424870220973
41,26,0.0030707202617730766
41,29,0.0012266500724763003
41,40,2.967684208088191e-4
41,41,2.2641509433962264e-4
41,46,9.49516897369944e-5
41,79,8.48424680110266e-5
41,100,0.0020377358490566034
42,1,0.027482253354718534
42,2,0.034322617370270314
42,3,0.03818811593404203
42,4,0.0400401402659451
42,5,0.041476684075654434
42,6,0.04362385882436811
42,7,0.046853617416892014
42,8,0.05061197723357495
42,9,0.053369653285106934
42,10,0.05344050737809767
42,11,0.0503542767025874
42,12,0.0452606917641392
42,13,0.039782589699533064
42,14,0.03478030599620497
42,15,0.03067684385585969
42,16,0.02896722956182878
42,17,0.032613187788578704
42,18,0.043254377931131065
42,19,0.0567812522631387
42,20,0.06363475595886943
42,21,0.057030159586565224
42,22,0.04021748911776416
42,23,0.022736476069893194
42,24,0.011079774209818056
42,25,0.005458391397355035
42,27,0.002296344179536732
42,28,0.001761494275838896
42,31,8.024225911974649e-4
42,33,4.998268278546453e-4
42,40,3.385341402392991e-4
42,42,2.2641509433962264e-4
42,100,0.0020377358490566034
43,1,0.025680040620664445
43,2,0.03212840100820975
43,3,0.0358973360924522
43,4,0.03790234295943769
43,5,0.03967153156437187
43,6,0.042302592416041514
43,7,0.04612507299580254
43,8,0.05051067733466616
43,9,0.05387998168996182
43,10,0.05454181233243015
43,11,0.05202340176441123
43,12,0.04743551104353322
43,13,0.04233219251539069
43,14,0.037501531239609025
43,15,0.0332958031494501
43,16,0.031132845686536202
43,17,0.033910284066718824
43,18,0.043314558660713647
43,19,0.055549398876375375
43,20,0.06159445010847098
43,21,0.0550142516185949
43,22,0.03885773612239439
43,23,0.022123785549176638
43,24,0.010933130202995378
43,25,0.0054838831777709925
43,26,0.0032929476944713897
43,28,0.001885681977538482
43,29,0.0015229424070248045
43,30,0.001214868352147759
43,36,3.446931153855101e-4
43,41,3.321627138561122e-4
43,43,2.2641509433962264e-4
43,100,0.0020377358490566034
44,1,0.02534927118378324
44,2,0.031807838438978
44,3,0.035708477471646724
44,4,0.037926053483156676
44,5,0.03999922639893106
44,6,0.043122464461767346
44,7,0.04769469970965948
44,8,0.05303645126926837
44,9,0.057424629745927665
44,10,0.05900506656270593
44,11,0.057182715793083004
44,12,0.05302085148863903
44,13,0.048077833811554914
44,14,0.043133563132328114
44,15,0.03850172149170501
44,16,0.03561270402001596
44,17,0.03751173812108879
44,18,0.04610626073661202
44,19,0.05773392624249549
44,20,0.06335407435404783
44,21,0.05643972743937341
44,23,0.02297609037037593
44,27,0.0027490116217180885
44,29,0.0018814721087587899
44,30,0.0015457894415887047
44,33,8.341901573941816e-4
44,44,2.2641509433962264e-4
44,100,0.0020377358490566034
45,1,0.02201497271807713
45,2,0.0276870660801394
45,3,0.031198114450277162
45,4,0.03328400065418243
45,5,0.035298667944832274
45,6,0.038377566740529154
45,7,0.042970792281490665
45,8,0.04849679870979499
45,9,0.053347082066478875
45,10,0.055722123853616704
45,11,0.054927533204841734
45,12,0.0518116411132255
45,13,0.04775125162697318
45,14,0.04343767502161877
45,15,0.03909016071832032
45,16,0.035950498726235895
45,17,0.03686848211279734
45,18,0.04380945167849061
45,19,0.05368451764664819
45,20,0.05839548415339987
45,21,0.051978907415092826
45,22,0.03702328178062992
45,23,0.021573196926315978
45,24,0.011160219865609016
45,25,0.006013226305994116
45,26,0.003916760166580679
45,27,0.0030470920089194224
45,28,0.0025570660202087012
45,30,0.0017872835546746057
45,32,0.0012020185072767224
45,33,0.0010319258725746566
45,35,8.128265640684799e-4
45,37,6.085106167800408e-4
45,38,5.122217974407362e-4
45,40,3.8743015246763056e-4
45,45,2.2641509433962264e-4
45,100,0.0020377358490566034
46,1,0.02023032772915359
46,2,0.02545089867305602
46,3,0.02874460219127566
46,4,0.030805973389837076
46,5,0.032882724405528696
46,6,0.03604590032926837
46,7,0.040765780118081185
46,8,0.04654398918199399
46,9,0.05186296814665709
46,10,0.054942223412761615
46,11,0.0549929126248026
46,12,0.052723719761401
46,13,0.04942032558956294
46,14,0.04570761233001703
46,15,0.04167779175406277
46,16,0.0384241467785624
46,17,0.038781730687339734
46,18,0.04490896102341326
46,19,0.054035992784361095
46,20,0.05834530497949899
46,21,0.05194816845570744
46,22,0.0372623521883359
46,23,0.022086607990012587
46,24,0.011833039395180963
46,25,0.006750370613574185
46,26,0.0046669514416807336
46,27,0.00376715916994709
46,28,0.0032015766213069896
46,29,0.0026991357371679765
46,30,0.002220943296413302
46,33,0.0013080251409576696
46,35,0.0010525592731511948
46,37,7.878377326305549e-4
46,41,3.9030083221263377e-4
46,42,3.4288796902290017e-4
46,46,2.2641509433962264e-4
46,76,6.279493658284848e-5
46,86,6.125237208371772e-5
46,100,0.002037735849056604
47,1,0.018448285218767554
47,2,0.023210683005655264
47,3,0.026299968133687516
47,4,0.028394595303902957
47,5,0.030613645924798465
47,6,0.03388899270216237
47,7,0.03864310260961384
47,8,0.044450392291477084
47,9,0.04993406239803072
47,10,0.053421010839294444
47,11,0.05411759555036906
47,12,0.052640152499076
47,13,0.05017667204827223
47,14,0.04725476148795197
47,15,0.04381806159484113
47,16,0.040797575591044494
47,17,0.040975840400779236
47,18,0.04663126713772116
47,19,0.05523113966942091
47,20,0.05918213336199823
47,21,0.05267452220927072
47,22,0.038038929049604125
47,23,0.022942993087353116
47,24,0.012739779431241147
47,25,0.00767886134971478
47,26,0.005585885170244867
47,27,0.004631058446984206
47,28,0.00396543126603466
47,29,0.0033376554310428803
47,30,0.002733962028266796
47,33,0.0015827242705727614
47,34,0.0014142626865012553
47,36,0.0011285708065156771
47,38,7.912215267966437e-4
47,43,3.6005452759556143e-4
47,47,2.2641509433962264e-4
47,100,0.002037735849056604
48,1,0.01661578651140353
48,2,0.020954070642015012
48,3,0.02389129834419266
48,4,0.026069534732386265
48,5,0.028459847310788367
48,6,0.031841589332182785
48,7,0.036579178871729845
48,8,0.042304890451382075
48,9,0.04777242484310458
48,10,0.05144250665142879
48,11,0.05258009110834841
48,12,0.0517549648771409
48,13,0.050056038924818004
48,14,0.047913698598765465
48,15,0.045168620877896234
48,16,0.04262336295347256
48,17,0.04293305971567163
48,18,0.0483336089672809
48,19,0.0564331029262734
48,20,0.05993259947623215
48,21,0.05324880736405232
48,22,0.03869232137166105
48,23,0.02375540283175936
48,24,0.013662468431868238
48,25,0.008636435330797656
48,26,0.006515581057500513
48,27,0.005486522831145052
48,28,0.004721961445697271
48,29,0.0039893226241783444
48,30,0.003280613558146689
48,31,0.0026551977100743446
48,32,0.0021726872700930256
48,33,0.0018444118772101886
48,35,0.0014704904484328827
48,36,0.001316723208158612
48,37,0.0011387785250403701
48,38,9.471439759471875e-4
48,43,4.758554805086199e-4
48,48,2.2641509433962264e-4
48,54,6.484759781853996e-5
48,100,0.002037735849056604
49,1,0.015084260174057049
49,2,0.019106656668170515
49,3,0.02195252121887085
49,4,0.0242095578831868
49,5,0.026725106268752206
49,6,0.030178667161054128
49,7,0.034916982221837985
49,8,0.04062184125528286
49,9,0.04612015103898003
49,10,0.0499495948901951
49,11,0.05142823109751165
49,12,0.05110919942792574
49,13,0.049999743488808895
49,14,0.04845057111279244
49,15,0.04626097398007965
49,16,0.044177740744610165
49,17,0.04471956700731913
49,18,0.049970414667645624
49,19,0.05758046356938164
49,20,0.06057220336484105
49,21,0.05369814206615211
49,22,0.039293668351974585
49,23,0.024611980651523507
49,24,0.014669413810749914
49,25,0.009647954405820634
49,26,0.007440270261676779
49,27,0.006297919884015405
49,28,0.005438699856760268
49,29,0.00464056855542513
49,30,0.0038712919140945308
49,31,0.003161701431738068
49,32,0.0025738580408211685
49,33,0.0021513633546463803
49,35,0.0016953753376140067
49,36,0.0015254532363804681
49,37,0.0013323618710511902
49,39,9.928175503673613e-4
49,40,9.073435932264975e-4
49,43,6.512176412622699e-4
49,49,2.2641509433962264e-4
49,100,0.0020377358490566034
50,1,0.013861575699251966
50,2,0.017639924783911107
50,3,0.020399968270258244
50,4,0.02267569566118919
50,5,0.02522817554560203
50,6,0.028679641082369596
50,7,0.033382901530648545
50,8,0.03907576695249982
50,9,0.04464428542333313
50,10,0.04866801726597869
50,11,0.05049175431538972
50,12,0.05064933627191239
50,13,0.05005894710699969
50,14,0.04897411641343643
50,15,0.04716683962119394
50,16,0.04538639920734808
50,17,0.04606599141390483
50,18,0.05113404110348713
50,19,0.05825344524328004
50,20,0.060777001669574934
50,21,0.05382709811243738
50,22,0.03974428024665674
50,23,0.025459718182845977
50,24,0.015715904503779084
50,25,0.010660418291184665
50,26,0.008296562604939498
50,27,0.006996763034826823
50,28,0.006049724968660326
50,29,0.005236242126161353
50,30,0.004472124750014383
50,31,0.0037325422056947812
50,32,0.0030696838717801495
50,34,0.0022185988728414814
50,35,0.001985358062912867
50,40,0.0012183414256898325
50,41,0.0011595399837302299
50,42,0.0010440370424517347
50,45,5.175627819798943e-4
50,46,4.0043801234766594e-4
50,48,2.828909414932751e-4
50,49,2.4054437940642807e-4
50,50,0.001032664818740149
50,81,5.538784196683423e-5
50,100,0.003369748355888907
51,1,0.012762548575906802
51,2,0.01631150466274217
51,3,0.018960146337085978
51,4,0.021196764058379086
51,5,0.023718619715501005
51,6,0.027091439258413445
51,7,0.03165335135639077
51,8,0.03720604999118338
51,9,0.042745670112309606
51,10,0.04693538911287917
51,11,0.049143153767413614
51,12,0.049852321484314725
51,13,0.049853659346714846
51,14,0.04926189110415073
51,15,0.04779429869402291
51,16,0.046218938168239784
51,17,0.046945809003340805
51,18,0.051817178959838055
51,19,0.058534811605990535
51,20,0.06074684808975887
51,21,0.05388080779962127
51,22,0.04023323706785845
51,23,0.026395532129727863
51,24,0.016839804501520013
51,25,0.011695580731108823
51,26,0.009105327473191252
51,27,0.00759548819912336
51,28,0.006547012891706555
51,29,0.005745253413415453
51,30,0.005042770242933259
51,31,0.004340270728955316
51,33,0.003072530782379729
51,34,0.002641028022477113
51,35,0.0023278208034923204
51,36,0.002072977677164912
51,38,0.0016932407965612598
51,39,0.0016058611265536914
51,40,0.0015542444004566992
51,41,0.0014679337666286276
51,42,0.0013040938814721562
51,43,0.0010808637477316267
51,48,3.736714373165893e-4
51,51,0.0010326648187401488
51,65,8.064169430539495e-5
51,67,1.0036087814003289e-4
51,97,5.0839226952881393e-5
51,100,0.0033697483558889066
52,1,0.011748381556747643
52,2,0.015063969024531264
52,3,0.017569298408802142
52,4,0.019721418820555166
52,5,0.02217288399730673
52,6,0.02542232147815684
52,7,0.029751750089880836
52,8,0.0350140550800241
52,9,0.04037320242280966
52,10,0.044652521603550814
52,11,0.04726068451353994
52,12,0.04859374667784325
52,13,0.049283760811755256
52,14,0.04929466078782377
52,15,0.04826838734475646
52,16,0.04697207721293787
52,17,0.0478178878431461
52,18,0.052628111791689955
52,19,0.05916420701589971
52,20,0.061279830440593416
52,21,0.054586147936097014
52,22,0.04131830734076627
52,23,0.02781298454919865
52,24,0.018343861694169447
52,25,0.013027834027714826
52,26,0.010129289097770158
52,27,0.008330820067121108
52,28,0.007120798517540493
52,29,0.006299344603551735
52,30,0.005657263603415085
52,31,0.005010533390558084
52,32,0.004316087669255311
52,33,0.0036509152873489487
52,34,0.003099171693984412
52,35,0.002684963560121025
52,36,0.0023863564000527744
52,37,0.0021787037487030116
52,38,0.002047376806058779
52,40,0.0018748833557452958
52,42,0.0015022840446036096
52,44,0.0010031714289884723
52,45,8.115369038517725e-4
52,51,2.486551490725158e-4
52,52,0.001032664818740149
52,60,1.0313902733122466e-4
52,100,0.003369748355888907
53,1,0.010885230962982044
53,2,0.013960323165115153
53,3,0.01627143140240252
53,4,0.018265011435533888
53,5,0.02058041630979063
53,6,0.023662134852364722
53,7,0.02771057582477729
53,8,0.03259437540987341
53,9,0.03765431889056394
53,10,0.04192125206808352
53,11,0.044865174519565953
53,12,0.046777934931002255
53,13,0.048139421393223504
53,14,0.04880525525693063
53,15,0.04835687847758117
53,16,0.04752014653586929
53,17,0.048667572310761485
53,18,0.0536029665343357
53,19,0.060153806777039326
53,20,0.06233674999135502
53,21,0.055890301250658234
53,22,0.04299250629978774
53,23,0.029781486236568806
53,24,0.020367907370521448
53,25,0.014845691517900442
53,26,0.011583593399159327
53,27,0.00942548480224567
53,28,0.007983870996885483
53,29,0.007081765551156
53,30,0.006445816301244382
53,31,0.005802508292463995
53,32,0.0050478967020481874
53,33,0.004255404610939861
53,35,0.003037898517466928
53,36,0.002699059219400108
53,37,0.0024981851869839934
53,38,0.0023796282897623517
53,39,0.002279967805213612
53,40,0.0021365873102844484
53,41,0.0019173673848737688
53,42,0.001642422052280768
53,44,0.001139121465223109
53,47,6.845789359565959e-4
53,48,5.578663808532476e-4
53,52,2.578641478712284e-4
53,53,0.001032664818740149
53,60,1.3182974846976783e-4
53,100,0.003369748355888907
54,1,0.010248922128545303
54,2,0.01311523319545123
54,3,0.015208253780584697
54,4,0.01697346827999612
54,5,0.01907332646936983
54,6,0.021943447429817044
54,7,0.025718644043068836
54,8,0.03024625103281059
54,9,0.034987652303950956
54,10,0.03915354622839175
54,11,0.042277124279062446
54,12,0.04456859878247117
54,13,0.04641524626504672
54,14,0.04764684172884946
54,15,0.04782393628854683
54,16,0.04758903387657961
54,17,0.049191500970190295
54,18,0.05435958038447711
54,19,0.060986498767733294
54,20,0.06329484116331574
54,21,0.05719267903877507
54,22,0.04479856133252813
54,23,0.03201041691818949
54,24,0.02273991066068507
54,25,0.017051639076182894
54,26,0.01343130269472421
54,27,0.01089914083740797
54,28,0.009199890959410362
54,29,0.008176457999324807
54,30,0.007483604661144255
54,31,0.006762269285239137
54,32,0.005870982570141216
54,33,0.004906181516513451
54,35,0.0034289484049645808
54,36,0.003031593175203863
54,37,0.0027919759403546244
54,38,0.002635541638078805
54,39,0.002492997472441015
54,40,0.0023031285454223603
54,42,0.0017477359057404118
54,43,0.0014792518418857625
54,44,0.0012742029543818818
54,45,0.0011214930998499214
54,46,9.821606264586791e-4
54,49,5.287315858966471e-4
54,50,4.348406861672964e-4
54,54,0.001032664818740149
54,100,0.003369748355888907
55,1,0.009705954744905137
55,2,0.012419423652877756
55,3,0.014330747548622106
55,4,0.0158638429073748
55,5,0.017709482075642113
55,6,0.020334387275979582
55,7,0.02385223288213916
55,8,0.0280827155169012
55,9,0.0325396520314092
55,10,0.03653829772869066
55,11,0.03965151051135446
55,12,0.04204913297169857
55,13,0.04410792340111758
55,14,0.045718352416887244
55,15,0.046467316995227895
55,16,0.04688142963574406
55,17,0.048981575027262865
55,18,0.05432574117658381
55,19,0.06089603479015412
55,20,0.06326967447769774
55,21,0.05765072754506041
55,22,0.046057208396835456
55,23,0.033991959332783366
55,24,0.02506773301255065
55,25,0.01933187338220384
55,26,0.015434085807573052
55,27,0.012585050064463041
55,28,0.010648992296312445
55,29,0.009481206600502334
55,30,0.008675325384265615
55,31,0.007812682683759517
55,32,0.006744040581598361
55,33,0.005602758019187799
55,34,0.00461197351185108
55,35,0.003891981383771327
55,36,0.0034126347126383267
55,37,0.003082054782158785
55,38,0.0028324750693443056
55,39,0.0026178612122371107
55,40,0.0023892452720202986
55,41,0.0021196965776356016
55,42,0.0018353156329441978
55,43,0.0015883936067089706
55,45,0.0012631567604256125
55,46,0.0011223876092231566
55,47,9.518798320210241e-4
55,51,4.3283917214754434e-4
55,52,3.8944440050757846e-4
55,55,0.001032664818740149
55,57,2.471764143700713e-4
55,100,0.003369748355888907
56,1,0.009229877342018512
56,2,0.011868123068794464
56,3,0.013699653633674523
56,4,0.015099680007552548
56,5,0.016758328422550855
56,6,0.01917187694952383
56,7,0.022466232957967014
56,8,0.02646247752585545
56,9,0.030705463463537207
56,10,0.0345562930171019
56,11,0.03759463746785598
56,12,0.03997383309560796
56,13,0.04210905345806015
56,14,0.043992805021914536
56,15,0.04526491035837266
56,16,0.0463255133209146
56,17,0.04890210968610816
56,18,0.05431949000840262
56,19,0.060677768601762785
56,20,0.06302463525281297
56,21,0.05794161318176868
56,22,0.04730592247187818
56,23,0.03612109741730041
56,24,0.02764574962483757
56,25,0.021927441979925848
56,26,0.017805851154182355
56,27,0.014669961145979881
56,28,0.01247488701116591
56,29,0.011086027153918673
56,30,0.010068369678717048
56,31,0.008987067524733338
56,32,0.00771151502189702
56,33,0.006406877668888324
56,34,0.005305103625131438
56,35,0.004500450515127976
56,36,0.0039253107994970705
56,37,0.003474338570593845
56,39,0.0027991189736256746
56,40,0.002529488409020614
56,42,0.0019804556532233043
56,43,0.0017440844594673462
56,44,0.0015618788837308628
56,46,0.0012543421780710203
56,47,0.0010637443746839364
56,48,8.547983532381363e-4
56,51,4.945890090360596e-4
56,52,4.5272043282144046e-4
56,54,3.747474670713976e-4
56,55,3.548342043433169e-4
56,56,0.001032664818740149
56,58,2.630005938786521e-4
56,67,5.8176267963518094e-5
56,71,8.12814199804826e-5
56,74,8.597490565576047e-5
56,77,8.400403362714762e-5
56,100,0.003369748355888907
57,1,0.00856652993929681
57,2,0.011098364595805018
57,3,0.012883727402475025
57,4,0.014230437314974328
57,5,0.015767322306629878
57,6,0.01796674202747383
57,7,0.02096356947752493
57,8,0.02461904802717877
57,9,0.028548283774678645
57,10,0.03217992342342423
57,11,0.03511594535209281
57,12,0.03749735570002754
57,13,0.039753377477388066
57,14,0.0419447644541442
57,15,0.04374953978443129
57,16,0.04541829541484888
57,17,0.04832457519699196
57,18,0.053532121986928534
57,19,0.059364531562426055
57,20,0.06153484045437619
57,21,0.05710666006699926
57,22,0.04773739250869632
57,23,0.037773100906726746
57,24,0.030026765509344945
57,25,0.024540976144191706
57,26,0.020355554499678918
57,27,0.0170210664817629
57,28,0.014562156181868915
57,29,0.01286665210301978
57,30,0.011521661009730814
57,31,0.010136095553460948
57,32,0.008632289448092322
57,33,0.007198109299186479
57,34,0.006033766132062018
57,35,0.005171668484179748
57,36,0.00450308101489808
57,37,0.003929071157254537
57,38,0.00344217574658164
57,39,0.0030635500566957466
57,40,0.002761839413149343
57,41,0.0024782436664625594
57,42,0.0021984566171942507
57,43,0.001951457213915422
57,44,0.0017518105049703914
57,45,0.0015762249235310721
57,46,0.0013880938455242654
57,47,0.0011711324992828536
57,49,7.609980708045339e-4
57,55,3.9910617219553863e-4
57,56,3.776260347969565e-4
57,57,0.001032664818740149
57,79,1.015098859949572e-4
57,100,0.003369748355888907
58,1,0.007864988042752208
58,2,0.010247787124216088
58,3,0.011976936182692842
58,4,0.01330324469493596
58,5,0.014765723178508711
58,6,0.016773856209425942
58,7,0.019454649549789416
58,8,0.02271669255984478
58,9,0.026267439973156857
58,10,0.029646313183970395
58,11,0.032533132785543574
58,12,0.03507546178968147
58,13,0.0376646179211269
58,14,0.04033910702656973
58,15,0.04274452562768322
58,16,0.04495872840571768
58,17,0.04802826276089946
58,18,0.0528257475774463
58,19,0.05797631232578404
58,20,0.059892691719804506
58,21,0.05610386637783067
58,22,0.04802962718096129
58,23,0.03937050335366252
58,24,0.03250316791085099
58,25,0.027433661756184412
58,26,0.023342840253020445
58,27,0.01989705948174485
58,28,0.01717695698905018
58,29,0.015106073933007955
58,30,0.013325316066702588
58,31,0.011528961768654132
58,32,0.009727296172844941
58,33,0.008137814569753687
58,34,0.006903871808877604
58,35,0.005967083269165394
58,36,0.005176557927135217
58,37,0.004461722259696411
58,38,0.003865307107965502
58,39,0.003429406521806179
58,40,0.003107060923727171
58,41,0.0028115289738796186
58,42,0.002512864591793331
58,43,0.0022414259678944152
58,44,0.0020153219170679962
58,45,0.0018064095455169475
58,47,0.0013192005188546406
58,49,8.834508866038806e-4
58,50,7.599666857471858e-4
58,51,6.781543646286146e-4
58,52,6.050596463643756e-4
58,58,0.001032664818740149
58,63,1.1555579319399967e-4
58,71,1.0648210896099763e-4
58,81,9.179155267271646e-5
58,100,0.003369748355888907
59,1,0.007148675419113955
59,2,0.009332227284430382
59,3,0.010950921128967922
59,4,0.01221736368138095
59,5,0.01358741427117049
59,6,0.015408429529613498
59,7,0.017797542505820187
59,8,0.02069435676103026
59,9,0.023877671791860802
59,10,0.02701047337754605
59,11,0.02989804427490084
59,12,0.03271711790301951
59,13,0.0357784025166558
59,14,0.03902055169015573
59,15,0.042002746546271535
59,16,0.04464204042365448
59,17,0.04773843303927563
59,18,0.05206120764937298
59,19,0.05654587911355386
59,20,0.05822504866322668
59,21,0.055022022844805625
59,22,0.048149929181799445
59,23,0.04076608648152015
59,24,0.034872257529056275
59,25,0.03040422140558159
59,26,0.02660326135793412
59,27,0.023193839858371208
59,28,0.020295009011163146
59,29,0.017868538958450968
59,30,0.015619747351657646
59,31,0.013346876056759887
59,32,0.011170730094779821
59,33,0.009354422749342995
59,34,0.007986597904934742
59,35,0.0069136254395048774
59,36,0.005946154445345752
59,37,0.005054057777235957
59,39,0.003840684617548828
59,40,0.0034975221729276673
59,41,0.0031887888151110972
59,42,0.002873308683372409
59,43,0.002584077016741744
59,44,0.002338838128713022
59,45,0.002098865718963185
59,46,0.0018201925292211374
59,47,0.0015147728433814148
59,50,9.216626489833709e-4
59,52,7.273425279842715e-4
59,56,4.0355155028882225e-4
59,57,3.5307312738285635e-4
59,59,0.001032664818740149
59,62,1.7313626145830854e-4
59,91,3.984416402707625e-5
59,100,0.003369748355888907
60,1,0.006351413901922576
60,2,0.008294184675865597
60,3,0.009745183907579731
60,4,0.010885850520834118
60,5,0.01210479553700499
60,6,0.01370954042693793
60,7,0.01582571535670648
60,8,0.018416963987762637
60,9,0.021298568381146424
60,10,0.024224050115656124
60,11,0.02711207697216712
60,12,0.030161343855502665
60,13,0.03358765252199325
60,14,0.037225652476132465
60,15,0.04057728797109968
60,16,0.04346785800803731
60,17,0.04653109878796279
60,18,0.050459590617180625
60,19,0.054430596133249985
60,20,0.05597790239584093
60,21,0.05335414878213086
60,22,0.04761124806111939
60,23,0.041466684772009245
60,24,0.03661160217050595
60,25,0.03289987803935093
60,26,0.029581485735090566
60,27,0.0263939121645709
60,28,0.02347188028624212
60,29,0.02080782616589341
60,30,0.018169335639082917
60,31,0.01545475775691435
60,32,0.012891908256703812
60,33,0.010799049906484118
60,34,0.009234893824758166
60,35,0.007972923126784229
60,36,0.006791730639542531
60,37,0.005697524992597073
60,38,0.004836595638201174
60,39,0.004267762723190135
60,40,0.003888561094863751
60,41,0.003558318564829008
60,43,0.0029274926697199746
60,44,0.00266642692743303
60,45,0.0023946123715453266
60,46,0.002068561277983068
60,47,0.0017201982697632409
60,48,0.0014291484074349843
60,49,0.0012367233686229927
60,52,8.783519523511802e-4
60,53,7.478573804804027e-4
60,57,4.049929005876096e-4
60,60,0.002419738149764508
60,63,2.3664609116994586e-4
60,68,9.323510910102036e-5
60,73,1.0294917363116326e-4
60,77,7.312124778952166e-5
60,100,0.004450589811174005
61,1,0.005562016064499181
61,2,0.007278735024294732
61,3,0.008564353752527006
61,4,0.009567604171050025
61,5,0.010621149575201985
61,6,0.01201104611670912
61,7,0.013890883990931753
61,8,0.016257326641692167
61,9,0.01894306412867366
61,10,0.02174015296086284
61,11,0.024620308289355516
61,12,0.027775909524052872
61,13,0.03135311529014709
61,14,0.03514679060623284
61,15,0.03867638886908115
61,16,0.041744590179069466
61,17,0.044863060369820656
61,18,0.04862807411022737
61,19,0.0523546439843777
61,20,0.05393841795740025
61,21,0.05188992715543003
61,22,0.04715177732271472
61,23,0.04211408709869968
61,24,0.03822873687215451
61,25,0.03527163082499991
61,26,0.03247785599423421
61,27,0.029581075335204148
61,28,0.02672466917616115
61,29,0.02392306602148836
61,30,0.020987660640010772
61,31,0.017891409713702296
61,32,0.014952175881395911
61,33,0.012552804609811095
61,34,0.010753165231581588
61,35,0.009277027055323512
61,36,0.007868276103682483
61,37,0.0065554104226028895
61,38,0.00552836235987828
61,39,0.00485584420940019
61,40,0.0044113302692604765
61,41,0.004031120488717723
61,42,0.0036578965596094333
61,43,0.003317758121242289
61,44,0.003013575116844337
61,45,0.0026920982506061716
61,48,0.0016465161710382608
61,49,0.0014646370640040967
61,50,0.0013402278276051984
61,51,0.0012096266869545617
61,53,9.069896827486394e-4
61,54,7.71132446111168e-4
61,55,6.563426387435409e-4
61,56,5.637423974099938e-4
61,59,3.713848943097835e-4
61,60,3.392870610953079e-4
61,61,0.002584021375785128
61,62,3.224130875564933e-4
61,69,1.259870221868747e-4
61,100,0.004451319203487473
62,1,0.004767439807197221
62,2,0.006257056791202126
62,3,0.0073857231872390995
62,4,0.008273980475790104
62,5,0.009196085999833108
62,6,0.01040639566037703
62,7,0.01207598871847911
62,8,0.01423560617608356
62,9,0.016740401526208593
62,10,0.019402028991619212
62,11,0.02220125494442393
62,12,0.025302812772754826
62,13,0.02882402199402412
62,14,0.03259837638365085
62,15,0.03622266748736912
62,16,0.03949625898528434
62,17,0.042800342842783105
62,18,0.04660338313984572
62,19,0.05029525413052656
62,20,0.05205621830736483
62,21,0.05061496747514052
62,22,0.04683014027337861
62,23,0.042817366421704896
62,24,0.039821831263077714
62,25,0.0375529245378481
62,26,0.03524321533355119
62,27,0.03264012722707799
62,28,0.029905765221228963
62,29,0.02706571726107895
62,30,0.023942686939416327
62,31,0.020548751918127137
62,32,0.01727724455811476
62,33,0.014587553358323787
62,34,0.012562942908461418
62,35,0.010888395248765344
62,36,0.00926521444005228
62,37,0.007730113436663571
62,38,0.006513495803697002
62,39,0.005702420913486995
62,40,0.005152572335444112
62,41,0.004674912677171917
62,42,0.004202236678972776
62,43,0.003765003821692561
62,44,0.003375493218289045
62,45,0.002989463864328123
62,46,0.0025776003347822026
62,48,0.0019046020002802854
62,49,0.001731051893351186
62,50,0.0015980902475888415
62,52,0.001261825285896796
62,53,0.0010898546741202467
62,54,9.391210888761937e-4
62,58,4.999236343826875e-4
62,60,4.061180942370545e-4
62,62,0.002419738149764508
62,64,3.0962932839535693e-4
62,100,0.004450589811174006
63,1,0.003976809312981918
63,2,0.005205066071394923
63,3,0.006160405126402169
63,4,0.006956844747994206
63,5,0.0078071531002424045
63,6,0.008902675808259557
63,7,0.010386791378080533
63,8,0.01229994536385512
63,9,0.014536464616668403
63,10,0.01695759294718889
63,11,0.019561052124686295
63,12,0.02248166285405659
63,13,0.02582656727788965
63,14,0.02950100370616487
63,15,0.03319603945588097
63,16,0.03670225392111109
63,17,0.04026054706077627
63,18,0.04420316381999323
63,19,0.04797507085308256
63,20,0.050010829460829825
63,21,0.04923661459052873
63,22,0.046419990936467675
63,23,0.04339579540039941
63,24,0.04120434196995927
63,25,0.0395178946836891
63,26,0.03761530364274916
63,27,0.03529586487790483
63,28,0.032752473047147776
63,29,0.030008452518860845
63,30,0.02686148020084563
63,31,0.02331964234469909
63,32,0.019826503111500356
63,33,0.016916343154287295
63,34,0.014707000393363721
63,35,0.012858229669380047
63,36,0.011033821958114382
63,37,0.009270438603757548
63,38,0.007830660039554203
63,39,0.006826056819048301
63,40,0.006107484651786297
63,41,0.005465738430169713
63,42,0.004825885724808424
63,43,0.00423492509476734
63,44,0.0037319087289255596
63,45,0.0032861898627873924
63,46,0.0028592119227693956
63,47,0.002478083225277695
63,48,0.0022007240253934337
63,49,0.00202374727480825
63,50,0.001875390170429886
63,53,0.001306868125045673
63,54,0.0011369561660765025
63,55,9.753140422580705e-4
63,56,8.169226628043893e-4
63,58,5.55651716577633e-4
63,62,4.152462091544911e-4
63,63,0.0026224916228932216
63,64,3.5990074709201474e-4
63,69,1.5617038132799852e-4
63,71,1.6228796697983336e-4
63,73,1.4656427258871572e-4
63,100,0.004451490005481185
64,1,0.0032755200272030563
64,2,0.004237285986043547
64,3,0.005013509600285913
64,4,0.0057320151121722
64,5,0.00655387572356953
64,6,0.007591204379716015
64,7,0.008918989846755286
64,8,0.01055584178243424
64,9,0.012445961557485577
64,10,0.01454124465791394
64,11,0.01688977562187364
64,12,0.019603531863808036
64,13,0.022761696343868917
64,14,0.026309301104047417
64,15,0.030012014087625084
64,16,0.03366847348855585
64,17,0.03742354134839408
64,18,0.04150895681825658
64,19,0.045423566692136444
64,20,0.04782290249503111
64,21,0.04779145376300396
64,22,0.04597325449256384
64,23,0.043898930047011495
64,24,0.04240834013227561
64,25,0.0411819190004067
64,26,0.03960259752649892
64,27,0.03755373267772187
64,28,0.03526787502077667
64,29,0.032767323702221435
64,30,0.02980437968406215
64,31,0.026330340642214775
64,32,0.022780242439250763
64,33,0.019733195348905715
64,34,0.017351897039772267
64,35,0.0153071464219542
64,36,0.013254686135313167
64,37,0.011230358988226044
64,38,0.009511940697654162
64,39,0.00823375816519785
64,40,0.0072604652073219944
64,41,0.006381000146175918
64,42,0.005519843036625922
64,43,0.0047432253562263256
64,44,0.004117592279908514
64,45,0.0036185810320423363
64,46,0.0031840077790051017
64,47,0.0028067500638640154
64,48,0.0025236420789255354
64,49,0.002331501514838184
64,50,0.002170408287512479
64,51,0.0019887351300540584
64,52,0.0017850386187798029
64,55,0.0011894924944165076
64,56,9.804150414721754e-4
64,57,7.767649727338431e-4
64,61,4.002469993639752e-4
64,62,4.116627341981202e-4
64,63,4.166425798933809e-4
64,64,0.002419738149764508
64,76,1.3433994012953615e-4
64,79,1.1673628336566103e-4
64,100,0.004450589811174005
65,1,0.0027119399573071455
65,3,0.004100835901604444
65,4,0.00474829077183169
65,5,0.005537112484065054
65,6,0.006520195240536132
65,7,0.007706119010045496
65,8,0.00908319775965065
65,9,0.010642469659760206
65,10,0.012429949386291703
65,11,0.014549481394353471
65,12,0.0170907333637326
65,13,0.02008097686354453
65,14,0.023453869058150088
65,15,0.027018717890463135
65,16,0.030618982528631104
65,17,0.034388744721647733
65,18,0.0385287900382681
65,19,0.04259947509387247
65,20,0.04542545881188141
65,21,0.0461832737097461
65,22,0.04535867443736571
65,23,0.04418338089839874
65,24,0.04332661709218639
65,25,0.04251390797243033
65,26,0.0412540981481762
65,27,0.03951222116511289
65,28,0.03755835259330513
65,29,0.03542952404035573
65,30,0.03283653646052168
65,31,0.02963190178739582
65,32,0.026174070576354583
65,33,0.023046575746003665
65,34,0.020471474907629822
65,35,0.018178319987932064
65,36,0.015851597096060956
65,37,0.013527780963306604
65,38,0.01148132707181181
65,39,0.009863393022432474
65,40,0.008569556892011743
65,41,0.007408511926894429
65,42,0.006310088280572998
65,43,0.005348223324948411
65,44,0.004599490388612727
65,45,0.0040355768676351295
65,46,0.003572204313863852
65,47,0.003175677696912588
65,49,0.0026501184007503664
65,50,0.002475489227578692
65,51,0.0022968925280361582
65,52,0.0020999841415131676
65,53,0.0018921423136840274
65,54,0.0016763224825936107
65,55,0.0014410748285443391
65,58,6.785821162423865e-4
65,62,3.964954682329654e-4
65,65,0.0025992251439041444
65,68,2.2701696058280598e-4
65,72,1.6115266014618448e-4
65,74,1.5612345879922318e-4
65,78,1.602962598913609e-4
65,100,0.004451386705884828
66,1,0.002243315347676812
66,2,0.0028700839434002722
66,3,0.0034104936606243193
66,4,0.003983043560420206
66,5,0.004693097008686102
66,6,0.005569393248228634
66,7,0.006590273925139229
66,8,0.007733980843066609
66,9,0.009028238745018869
66,10,0.010574295988404378
66,11,0.01249446375648051
66,12,0.014846729557071003
66,13,0.01760750152875558
66,14,0.020681941714621344
66,15,0.023906857297482154
66,16,0.027196584040398677
66,17,0.030738289056278647
66,18,0.0347565721680963
66,19,0.03887985686777763
66,20,0.042058146554964725
66,21,0.04350904028413408
66,22,0.04355776935877444
66,23,0.043186889250322734
66,24,0.04294718427220496
66,25,0.042624701404767144
66,26,0.04182832826944498
66,27,0.040554633363573546
66,28,0.039068708019525285
66,29,0.037417020353287186
66,30,0.03529601400351861
66,31,0.032478205295247774
66,32,0.029229018444722994
66,33,0.026107231840010795
66,34,0.02338821641982689
66,35,0.020878452565575602
66,36,0.01830818187192255
66,37,0.015715954312393376
66,38,0.01336727258312769
66,39,0.01143026185229179
66,40,0.00983842650087028
66,41,0.008426374097940831
66,42,0.007126579331421811
66,43,0.006007223086692009
66,44,0.005140635409205617
66,45,0.004494010037618529
66,46,0.003975653295793757
66,47,0.0035402947365159466
66,48,0.003197875875729483
66,49,0.002945581492660575
66,50,0.0027438810890850086
66,51,0.0025511651597901245
66,52,0.0023493088431535856
66,53,0.00213861343279335
66,54,0.0019181063642923644
66,55,0.001670248957627168
66,56,0.0013787552115020368
66,58,7.878017166170184e-4
66,59,5.888011453377532e-4
66,64,4.105635324918055e-4
66,66,0.0025992466915490797
66,67,3.1408465835241247e-4
66,68,2.7193856186060334e-4
66,77,1.6812123819868463e-4
66,87,3.874064409273057e-5
66,93,7.335294592904794e-5
66,94,9.698656406090195e-5
66,100,0.004451386801553065
67,1,0.00191970450879342
67,2,0.0024870984368985448
67,3,0.0029833431419874564
67,4,0.003496839286447551
67,5,0.004112677622115562
67,6,0.004854288987479465
67,7,0.005705111737609122
67,8,0.00666308761623128
67,9,0.007784454839275873
67,10,0.00918020642889048
67,11,0.010949908719463882
67,12,0.01311713625987565
67,13,0.01563199526974479
67,14,0.01838949952353185
67,15,0.021254642097464978
67,16,0.02421088779718967
67,17,0.02750574722522247
67,18,0.031391433663734085
67,19,0.035539720538276975
67,20,0.038972440195038024
67,21,0.040919775469506356
67,22,0.041601899405739676
67,23,0.04186358216138138
67,24,0.04221140802057022
67,25,0.04248561970504008
67,26,0.04233819470178797
67,27,0.04172320088798869
67,28,0.04082511368958559
67,29,0.039657174445155444
67,30,0.037930453319878286
67,31,0.035416585028736305
67,32,0.03234800686821634
67,33,0.02926354369394554
67,34,0.026459563485450182
67,35,0.02378178795750428
67,36,0.020985654993808545
67,37,0.018119478000967963
67,38,0.0154665167685062
67,39,0.013229916719930353
67,40,0.01137235292392492
67,41,0.00973053037079007
67,42,0.008224528572731997
67,43,0.0069180791470683616
67,44,0.005888835010070228
67,45,0.005110334241852909
67,46,0.004493610277487913
67,47,0.003988978764932522
67,48,0.0035945116399095024
67,49,0.003295790280170505
67,50,0.0030489719943626306
67,51,0.00281482669239988
67,52,0.002581873883296274
67,53,0.002358450640402831
67,54,0.002143949742086451
67,55,0.0019057820880780266
67,57,0.0012685506969369693
67,60,6.127632721284698e-4
67,65,4.6959204652607706e-4
67,67,0.002419738149764508
67,69,2.5923546275047116e-4
67,77,1.58829043647831e-4
67,94,1.1159602853617449e-4
67,100,0.004450589811174006
68,1,0.001685266466830021
68,2,0.0022130772158393047
68,3,0.002680551804132573
68,4,0.003147034692778115
68,5,0.0036686760773971885
68,6,0.004259547459824454
68,7,0.004924819138706288
68,8,0.0057018382091920386
68,9,0.006666726013920952
68,10,0.007907454017176165
68,11,0.009480478907216849
68,12,0.011388058484702323
68,13,0.013589602436835803
68,14,0.01600677901432797
68,15,0.01854939732703053
68,16,0.02124848211060413
68,17,0.02435812482265285
68,18,0.02810611349081631
68,19,0.032184978847423294
68,20,0.03569494261254211
68,21,0.03790910295440396
68,22,0.038999773972451385
68,23,0.039740614123822855
68,24,0.04063196106134317
68,25,0.04156564149759517
68,26,0.04220930571028334
68,27,0.04242250116225336
68,28,0.0422328891074064
68,29,0.04156936056082308
68,30,0.04018818453574954
68,31,0.03794739052259626
68,32,0.035106486969655
68,33,0.03217807822965994
68,34,0.029434401743104955
68,35,0.026714006931151658
68,36,0.023772212560295405
68,37,0.020674381394798727
68,38,0.017750666324785832
68,39,0.015258719620221815
68,40,0.013181016802146315
68,41,0.011331077384498988
68,42,0.009602192756596552
68,43,0.008061718446054154
68,44,0.006811947350685523
68,45,0.005846359135377818
68,46,0.005082850895281355
68,47,0.004470209067736496
68,48,0.003999987843929748
68,49,0.0036474119336683815
68,50,0.003356668772616982
68,51,0.0030808460888648677
68,52,0.0028123602155812988
68,54,0.0023612366487804526
68,55,0.0021352150862894623
68,56,0.0018401669522247431
68,57,0.0014928216147512131
68,59,9.568756672453762e-4
68,60,8.275070188283598e-4
68,61,7.440873233912076e-4
68,64,6.188295120407757e-4
68,65,5.921306595912194e-4
68,68,0.002419738149764508
68,70,2.3512296432461256e-4
68,73,1.3745603535535148e-4
68,76,1.3594773084915762e-4
68,100,0.004450589811174005
69,1,0.0014980588298585025
69,2,0.0019804847690355364
69,3,0.0024158413371328843
69,4,0.0028434772388182088
69,5,0.0032860438062020346
69,6,0.003739345218675351
69,7,0.004227853801476133
69,8,0.004824859667179066
69,9,0.005612426202576889
69,10,0.0066423288474099056
69,11,0.007933767615196315
69,12,0.00949302966576577
69,13,0.011322962975574934
69,14,0.013405326157829234
69,15,0.015706231712845315
69,16,0.01826752057530306
69,17,0.02127739379089031
69,18,0.024885250845680353
69,19,0.0288052152733342
69,20,0.032255291601773116
69,21,0.03459259219136765
69,22,0.03596699175544443
69,23,0.03709078292526493
69,24,0.03845355489113334
69,25,0.03998970220435476
69,26,0.041383722497386664
69,27,0.04240601839444084
69,28,0.042920300983347405
69,29,0.04276139285968721
69,30,0.04174262497262282
69,31,0.039833802721241804
69,32,0.037328774388129864
69,33,0.034697810223600176
69,34,0.03216864374270734
69,35,0.029553362384518216
69,36,0.026587197233733744
69,37,0.023343940790542105
69,38,0.02020894871381263
69,39,0.017505475925167803
69,40,0.015238022855908733
69,41,0.01319278862706528
69,42,0.011233352344594712
69,43,0.009433798474717661
69,44,0.007927503757103172
69,45,0.006730885393133348
69,46,0.0057697697915760895
69,47,0.004999205779891182
69,48,0.004418295257388239
69,49,0.004000595019875106
69,50,0.003674503956445354
69,51,0.0033731908474783387
69,52,0.0030788234079503203
69,53,0.0028122162110033448
69,54,0.0025788261664741754
69,55,0.0023348619601876635
69,56,0.0020327572371892726
69,57,0.001694299919631496
69,58,0.0013992463550545112
69,59,0.0012000756157747588
69,60,0.0010783197765110615
69,61,9.84455331729266e-4
69,62,8.966999343089978e-4
69,63,8.275643995928608e-4
69,64,7.811259173966197e-4
69,65,7.295435290532068e-4
69,66,6.441141221242573e-4
69,67,5.311843977118127e-4
69,68,4.2201192006152146e-4
69,69,0.0024197381497645075
69,86,4.306262742197627e-5
69,96,1.1022137364624094e-4
69,100,0.004450589811174005
70,1,0.0013399052981927703
70,2,0.0017688376358271768
70,3,0.0021623271660734683
70,4,0.0025511707516951507
70,5,0.0029344118788900667
70,6,0.0032906809368746723
70,7,0.0036499451871908847
70,8,0.004098355066487437
70,9,0.004709361402177407
70,10,0.005504176742896166
70,11,0.006483577412936517
70,12,0.007676643900975169
70,13,0.009145286784622427
70,14,0.010942204687873186
70,15,0.013082027347319487
70,16,0.01558523149667869
70,17,0.018542901832081717
70,18,0.022023489601227204
70,19,0.025780277134031627
70,20,0.029161263773086112
70,21,0.03160961370404984
70,22,0.03325279925321984
70,23,0.034734710955869726
70,24,0.03650799409411098
70,25,0.03851587583447738
70,26,0.04045806806297883
70,27,0.042070670396449274
70,28,0.04313324119373055
70,29,0.04342885390401968
70,30,0.042808951076556016
70,31,0.04130925484617625
70,32,0.03922659252210639
70,33,0.036984588410115565
70,34,0.03477890052393483
70,35,0.03239986410184371
70,36,0.029542476816556088
70,37,0.026258879691361647
70,38,0.02297654677599294
70,39,0.020092209058866876
70,40,0.017646965105379116
70,41,0.015410261823225687
70,42,0.013219828406203402
70,43,0.011154596087140176
70,44,0.009373678813054776
70,45,0.007911602615930992
70,46,0.006704593595008149
70,47,0.005726787305878073
70,48,0.0049994025443699415
70,49,0.00449862396543362
70,50,0.004130164977805738
70,51,0.003796498572713613
70,52,0.0034586780190131146
70,53,0.0031298105577844434
70,54,0.0028217430854839643
70,55,0.002513969189807823
70,56,0.0021868882601760588
70,57,0.0018681553198485858
70,58,0.0016131484975804298
70,59,0.0014429559709201111
70,60,0.0013252204491100389
70,61,0.0012144057660704595
70,62,0.0010973347977596627
70,63,9.934951500207327e-4
70,64,9.14170275462312e-4
70,67,6.14455249421942e-4
70,70,0.00306712357772137
70,71,3.0004010751406325e-4
70,80,8.509819284058876e-5
70,94,1.0234960298913426e-4
70,100,0.006155786858778131
71,1,0.0011963479901057645
71,2,0.0015645255650625176
71,4,0.002234469943587742
71,5,0.002563934773098331
71,6,0.002861197665875574
71,7,0.003148307257513674
71,8,0.003498250825152964
71,9,0.003965662190577413
71,10,0.004552933940040246
71,11,0.005255633203723481
71,12,0.006125961822497875
71,13,0.007277458267582268
71,14,0.00882151967328914
71,15,0.010801065276398108
71,16,0.013202755411632466
71,17,0.01604065363271153
71,18,0.019342155144795946
71,19,0.02291506085440017
71,20,0.02621718885523006
71,21,0.02875838172985264
71,22,0.030646632982112072
71,23,0.032458314915926684
71,24,0.03458012084628129
71,25,0.03691740505556506
71,26,0.039171775872485354
71,27,0.041108559157784746
71,28,0.04253216142841698
71,29,0.043231940827496186
71,30,0.043059943718926456
71,31,0.042046288640026123
71,32,0.040456541213829626
71,33,0.038675986321894625
71,34,0.03689372435135057
71,35,0.03489635086040836
71,36,0.03232471547353517
71,37,0.029167909500551276
71,38,0.02586611737820029
71,39,0.022891589635203578
71,40,0.02033343005534693
71,41,0.017946589219631635
71,42,0.015542487740285472
71,43,0.01320936044666186
71,44,0.011139374277930186
71,45,0.009392344972694472
71,46,0.007921118158536944
71,47,0.006723135718314095
71,48,0.005841752080997722
71,49,0.005249978956854367
71,50,0.004821420202388028
71,51,0.004420670036561046
71,52,0.003988134305285476
71,53,0.0035388341173194114
71,54,0.003106086877542415
71,55,0.00270464833829976
71,56,0.002342759589023284
71,57,0.0020413687034253674
71,58,0.0018180829832445222
71,59,0.0016605107115701787
71,60,0.0015307079975442645
71,61,0.0013943925144603176
71,62,0.001245686145633576
71,64,9.93103220894316e-4
71,65,8.989283181056578e-4
71,66,7.99485107376623e-4
71,68,5.758008935077759e-4
71,69,4.853818704211644e-4
71,70,4.1964372478812273e-4
71,71,0.0030801728658393025
71,72,3.3451575543580665e-4
71,73,3.072727001992011e-4
71,74,2.848016957375852e-4
71,75,2.5590569883385554e-4
71,80,1.115027850382145e-4
71,94,1.1520206935874345e-4
71,100,0.00615586694178995
72,1,0.0010912499431114902
72,2,0.0014023094325453817
72,3,0.001669228870548531
72,4,0.001932681866516476
72,5,0.002203074843686634
72,6,0.0024614619578095702
72,7,0.002717356765847567
72,8,0.0030177666481827543
72,9,0.0033959780970257785
72,10,0.003842795275535879
72,11,0.004349076209910849
72,12,0.004976827822622639
72,13,0.005872027341406909
72,14,0.007185327969989021
72,15,0.008972190423190122
72,16,0.011190170362326342
72,17,0.013810228499016933
72,18,0.016852566215880764
72,19,0.02017762362862461
72,20,0.02332821214075616
72,21,0.02587486630402039
72,22,0.02792418150947559
72,23,0.02999549157900703
72,24,0.03239589563090266
72,25,0.03496693966137469
72,26,0.037400998003948735
72,27,0.03952620751088329
72,28,0.041238105687770164
72,29,0.042363843881536425
72,30,0.04271601942802148
72,31,0.042257540078219566
72,32,0.04120096640887845
72,33,0.039912338586531655
72,34,0.03860605408542146
72,35,0.037089420320152146
72,36,0.03494768126955785
72,37,0.03207879199352036
72,38,0.028910308303230742
72,39,0.025980630168038688
72,40,0.023411886331140802
72,41,0.020919694173561293
72,42,0.01828237674782502
72,43,0.015622799289341287
72,44,0.013206805132045776
72,45,0.01114943748529142
72,46,0.009422502399115743
72,47,0.008025351580749011
72,48,0.0070003583411744116
72,49,0.006308489469453651
72,50,0.005792505912537203
72,51,0.005281910621209124
72,52,0.004703540570410467
72,53,0.004089895033751863
72,54,0.0035094636434956153
72,55,0.0030081849514782735
72,56,0.0026021909763770394
72,57,0.0022907066565071616
72,58,0.002057812259324798
72,60,0.0017055150572541297
72,61,0.001533304034599758
72,62,0.0013550899337722618
72,63,0.0011882783355975008
72,66,8.573223964528227e-4
72,67,7.607290847499838e-4
72,72,0.0028939430993722994
72,74,3.669674130112996e-4
72,75,3.36716274327028e-4
72,91,6.490905520262665e-5
72,94,1.2501990777450447e-4
72,96,1.371350516585256e-4
72,100,0.00615472405641151
73,1,0.0010338249235484359
73,2,0.0012966909614003693
73,4,0.0016724736957223173
73,5,0.0018727745071385753
73,6,0.0020903006533968716
73,7,0.0023241774796012487
73,8,0.0025970760673408814
73,9,0.0029262344168554926
73,10,0.003294708211093574
73,11,0.003682540110844033
73,12,0.0041432752510451604
73,13,0.0048317683868252135
73,14,0.0059202519089072035
73,15,0.00747498912811929
73,16,0.00944065432719461
73,17,0.011763315018357484
73,18,0.01445363556900965
73,19,0.017407818932295458
73,20,0.020255456141897766
73,21,0.022655598769039137
73,22,0.024733606678197365
73,23,0.026947244321121992
73,24,0.029520238421583713
73,25,0.032242288567530454
73,26,0.03480615797880035
73,27,0.03710304819240323
73,28,0.03912338560239915
73,29,0.0407335626163742
73,30,0.0416855323513817
73,31,0.04184046203317262
73,32,0.041345273852978204
73,33,0.04056420561478075
73,34,0.03975839509383136
73,35,0.038768743638347945
73,36,0.037139137860022924
73,37,0.03469004013623029
73,38,0.03183035335035591
73,39,0.029127542514845686
73,40,0.0266828733718782
73,41,0.024136566684612996
73,42,0.02124013174077089
73,43,0.01819278267315177
73,44,0.015385344343215644
73,45,0.013020413365130384
73,46,0.011080696146858682
73,47,0.009526464590526125
73,48,0.008364096474334714
73,49,0.007542848931213638
73,50,0.006899844906376508
73,51,0.006251704733667586
73,52,0.005520033353164767
73,53,0.004754466589003137
73,54,0.004050693452515843
73,55,0.0034668364454840677
73,56,0.0030065990518616235
73,57,0.0026461536119335677
73,58,0.002356425233812469
73,59,0.002109427582588306
73,60,0.0018820130489101484
73,62,0.0014535386899205626
73,63,0.0012714967946141807
73,65,0.0010220132883416392
73,66,9.330299319164875e-4
73,67,8.424281710686244e-4
73,68,7.433207708013729e-4
73,69,6.421141422783681e-4
73,71,4.8447587381662404e-4
73,72,4.4996068117695854e-4
73,73,0.0031155625651719918
73,74,4.366507038617099e-4
73,76,3.389319522870799e-4
73,80,1.904856809388905e-4
73,82,2.1464557518699064e-4
73,83,2.1149050929734727e-4
73,84,2.0301408315472695e-4
73,89,7.755684406292477e-5
73,100,0.006156084127101848
74,1,0.0010133821255012086
74,2,0.001238843558342883
74,3,0.0013697068398069853
74,4,0.0014694551615595333
74,6,0.0017699999065517802
74,7,0.001975946375608381
74,8,0.0022235003662325462
74,9,0.0025240776284737735
74,10,0.002858512990957946
74,11,0.0031927617886302116
74,12,0.0035567263676231074
74,13,0.0040898923423010065
74,14,0.004968486024562707
74,15,0.0062762071810116915
74,16,0.007970725430347663
74,17,0.00998782730887789
74,18,0.012311675194576053
74,19,0.014847983035485941
74,20,0.01731397531506299
74,21,0.019480309278371185
74,22,0.021501289065598398
74,23,0.023766872215318695
74,24,0.026426537910922004
74,25,0.02924973636107488
74,26,0.031947187504381094
74,27,0.034449028418224906
74,28,0.036799449695829343
74,29,0.03888952734374285
74,30,0.04042273831075413
74,31,0.041169959386463235
74,32,0.041223019625435196
74,33,0.0409564267378582
74,34,0.04066640555515213
74,35,0.04020018593009172
74,36,0.03907372105395186
74,37,0.037086696857977386
74,38,0.034651146512051846
74,39,0.0323106147969745
74,40,0.030077791262347667
74,41,0.027501972477518316
74,42,0.02433702590829441
74,43,0.020889768895182095
74,44,0.01769205005063605
74,45,0.015037183515486685
74,46,0.012906393434966579
74,47,0.011195747446329724
74,48,0.009859449911044024
74,49,0.00884731794314945
74,50,0.008024109951025555
74,51,0.007221867060239624
74,52,0.006361879943900112
74,53,0.005493682936176246
74,54,0.004713691204856356
74,55,0.004069476019490747
74,56,0.0035444462854028105
74,57,0.003104997003777223
74,58,0.0027326751057130637
74,59,0.0024127136972204822
74,60,0.0021217340112162286
74,61,0.0018455386765579725
74,62,0.0015968273449532785
74,63,0.0013984394278933946
74,64,0.0012532044912899841
74,65,0.001140933458665879
74,66,0.0010389105246025195
74,67,9.353881401700114e-4
74,68,8.279156867484733e-4
74,73,5.054245537290504e-4
74,74,0.0028939430993722994
74,79,2.141650984657142e-4
74,81,2.451102063044023e-4
74,85,2.4786684883020937e-4
74,86,2.144280243180211e-4
74,96,1.1066879602601993e-4
74,100,0.00615472405641151
75,1,9.735057591481054e-4
75,2,0.0011667480912029887
75,3,0.0012470655911706698
75,4,0.0012846337717294235
75,5,0.001356806730784742
75,6,0.0014877830389022602
75,7,0.0016652621701668628
75,8,0.0018880542995257446
75,10,0.0024886286489262345
75,11,0.002807726379008444
75,12,0.0031275200911439344
75,13,0.003552535488145386
75,14,0.004240639189456651
75,15,0.0052915532577384305
75,16,0.006700412240062925
75,17,0.00841994493104785
75,18,0.010412309093081802
75,19,0.012574487936001959
75,20,0.014688974153671432
75,21,0.016622980950234224
75,22,0.018552950850980285
75,23,0.020806313993465844
75,24,0.023480676769097288
75,25,0.026356345515232256
75,26,0.02917407097495118
75,27,0.03187105755339239
75,28,0.03449175422987992
75,29,0.036936838771827775
75,30,0.03890295412228005
75,31,0.04012705955078299
75,32,0.04068032795865585
75,33,0.04094540398406213
75,34,0.04120662417869978
75,35,0.04126235283482761
75,36,0.040607261745696066
75,37,0.039081437039620054
75,38,0.03712221754758041
75,39,0.0352028391470012
75,40,0.03321451327118268
75,41,0.03064695379328014
75,42,0.027296691779206954
75,43,0.023566185597830337
75,44,0.020078086376282295
75,45,0.01717828890133178
75,46,0.014844453518661404
75,47,0.012930134585446704
75,48,0.011361089758746097
75,49,0.010104814482804222
75,50,0.009067848454230866
75,51,0.008108970320244328
75,52,0.007148591752560383
75,53,0.006219739820178326
75,54,0.005398257375503856
75,55,0.004709499078185805
75,56,0.004119555952335138
75,57,0.0035977223555236754
75,58,0.003147955019842227
75,59,0.002769794306297761
75,60,0.002429824528281077
75,61,0.0021016334066316917
75,62,0.0018068974018131457
75,63,0.0015835360175524703
75,64,0.0014284187109424363
75,65,0.0013007908587350813
75,67,0.0010425695063049176
75,69,8.152024152983982e-4
75,70,7.151332864805782e-4
75,72,5.94913942146041e-4
75,73,5.865577951464848e-4
75,74,5.763389683698037e-4
75,75,0.0031584618282409676
75,76,4.369107128780555e-4
75,78,2.6731002628363606e-4
75,83,2.8779575483205264e-4
75,85,2.8552246852181913e-4
75,92,1.1062989434693259e-4
75,100,0.006156347398336289
76,1,8.654132264975395e-4
76,2,0.0010274843177734585
76,6,0.001232377568781299
76,7,0.0013948405601759328
76,8,0.0016039814639365582
76,9,0.0018676429459156835
76,10,0.0021740286520820656
76,11,0.002484180763341428
76,12,0.0027856278163109114
76,13,0.003143820471132692
76,14,0.0036793791719029966
76,15,0.004493012087526996
76,16,0.005622075021772716
76,17,0.007060188787736109
76,18,0.008772041489791823
76,19,0.010645640771466205
76,20,0.012495194210083
76,21,0.014241533284268743
76,22,0.016066544698288582
76,23,0.01825323212807812
76,24,0.020878428251332376
76,25,0.023754987845618112
76,26,0.026654086629054014
76,27,0.029493896044661204
76,28,0.03228393370052574
76,29,0.03492911825359756
76,30,0.037158773783968604
76,31,0.038731602870166165
76,32,0.03973171324550049
76,33,0.04054146127929676
76,34,0.04138841647897035
76,35,0.04197762381198897
76,36,0.04177776975939305
76,37,0.04069177063245259
76,38,0.03918618262417094
76,39,0.0376551901726603
76,40,0.035898102434826676
76,41,0.03340699349118902
76,42,0.030042301762433245
76,43,0.026244576587077052
76,44,0.022633541679230516
76,45,0.019548261180057192
76,46,0.01697362673779923
76,47,0.014780121468615634
76,48,0.012918886483474116
76,49,0.011389351360637984
76,50,0.010126423130359868
76,51,0.009003133124851808
76,52,0.007935830723820847
76,53,0.006939679266461903
76,54,0.006068884192056164
76,55,0.0053298541373404135
76,56,0.004676853339130584
76,57,0.004082937732634783
76,58,0.00356999724043721
76,59,0.0031482432061554367
76,60,0.0027733984688213245
76,61,0.0024042432319059896
76,62,0.002066799327919014
76,63,0.0018137685210266644
76,64,0.0016419717826913558
76,65,0.0014960840101800822
76,67,0.0011939561212754573
76,68,0.0010721128006402013
76,69,9.68703917698465e-4
76,70,8.677622582255023e-4
76,71,7.760056118267625e-4
76,73,6.897178815576577e-4
76,74,6.638559301499803e-4
76,76,0.0028939430993722994
76,79,2.598441443665367e-4
76,81,2.638613126298807e-4
76,86,2.761337590052498e-4
76,89,1.3768786596254063e-4
76,92,1.2463179952379593e-4
76,100,0.00615472405641151
77,3,8.545280659934024e-4
77,5,8.940275407302953e-4
77,8,0.0013709805175569374
77,9,0.0016186352845642118
77,10,0.0018954453317695647
77,11,0.0021795276709308674
77,12,0.00246375442463387
77,13,0.002785583870357962
77,14,0.0032227307618694335
77,15,0.0038587025035708247
77,16,0.004755685970136126
77,17,0.00594686518732876
77,18,0.007414924989466733
77,19,0.009048823115304805
77,20,0.01067755792961818
77,21,0.012244501879136734
77,22,0.013925385734984136
77,23,0.015976497361005076
77,24,0.018479100236445563
77,25,0.02128873672558052
77,26,0.024199425227421873
77,27,0.027099882495640187
77,28,0.02996662751996107
77,29,0.03272108372480556
77,30,0.03513688135876654
77,31,0.03700338496021925
77,32,0.03842342611797745
77,33,0.03977566994250207
77,34,0.041220015430118016
77,35,0.042358198027326405
77,36,0.042620864033983095
77,37,0.04195330119297498
77,38,0.040841446510782184
77,39,0.03963487692502599
77,40,0.03811430413807372
77,41,0.03582857725743432
77,42,0.032687424331718735
77,43,0.02909283438831704
77,44,0.025569673677773012
77,45,0.022393504119445944
77,46,0.019565561971010677
77,47,0.01703340948720332
77,48,0.014829855192449315
77,49,0.012997577291431372
77,50,0.011477528182118217
77,51,0.01013908167651343
77,52,0.008898616719650813
77,53,0.007768989792834478
77,54,0.006795657392966059
77,55,0.005972733972784399
77,56,0.005243095070912505
77,57,0.004575608935336869
77,58,0.0039979907680543865
77,59,0.0035269565570257046
77,60,0.0031136450831363064
77,62,0.002330085164771003
77,63,0.002047769182029601
77,64,0.0018613334341196477
77,65,0.0017101231930332257
77,66,0.0015553346499834538
77,67,0.0014134424830253307
77,68,0.0013032746345453435
77,69,0.0012051106376684895
77,72,8.679582962376527e-4
77,73,8.064109908284596e-4
77,74,7.547080898802093e-4
77,75,6.750803280794586e-4
77,77,0.0031133369699891905
77,83,3.2252001332328347e-4
77,84,3.4080124147630836e-4
77,99,5.6935647625791065e-5
77,100,0.006156070468704262
78,3,6.186029690916918e-4
78,9,0.001391428068039226
78,10,0.0016212107865653685
78,11,0.001862216868436725
78,12,0.0021239652819420004
78,13,0.0024294503523587005
78,14,0.0028200903762806324
78,15,0.0033516247016645347
78,16,0.004085392772747092
78,17,0.005070717665692252
78,18,0.00630314240735253
78,19,0.007681987786515106
78,20,0.009058048353970356
78,21,0.010395804769125064
78,22,0.011864156537937511
78,23,0.013698336963196493
78,24,0.015988897975138312
78,25,0.018629794417236906
78,26,0.021432404694312436
78,27,0.024271274108156344
78,28,0.027125853536271217
78,29,0.02995368679824111
78,30,0.03255378280359236
78,31,0.034713119949798484
78,32,0.036534272943718936
78,33,0.038392736303934354
78,34,0.04040056134740413
78,35,0.04208023339077626
78,36,0.04281611101645773
78,37,0.04255330596640698
78,38,0.04178431291903528
78,39,0.04087539941585546
78,40,0.03966963659114544
78,41,0.03779127251579227
78,42,0.035151248723949195
78,43,0.03204883012204265
78,44,0.028862064354441934
78,45,0.02576676491797783
78,46,0.02277125858754403
78,47,0.019922423948941996
78,48,0.017364412986706355
78,49,0.015193078136810737
78,50,0.013347529668226702
78,51,0.011691530460852697
78,52,0.010160276856386805
78,53,0.008792876549238835
78,54,0.007642468295398268
78,55,0.006689484309426746
78,56,0.005856607631419926
78,57,0.005097719113741721
78,58,0.00443484364519007
78,59,0.003888080140916701
78,60,0.003413551175087094
78,61,0.0029579081893160884
78,63,0.002230397247835481
78,64,0.002032418362358859
78,65,0.0018909491569173659
78,66,0.001762272995672669
78,67,0.0016522083180569467
78,68,0.0015660610260397286
78,69,0.0014710650298898893
78,70,0.0013337137120534343
78,71,0.0011678384373353173
78,72,0.0010192207553312948
78,75,7.452330441390282e-4
78,78,0.002893943099372299
78,81,2.748237356321692e-4
78,82,3.033097467242092e-4
78,86,3.3808401886577645e-4
78,91,1.67946089558335e-4
78,100,0.0061547240564115095
79,2,3.837881495301596e-4
79,6,6.715701405230957e-4
79,8,0.0010066482485370616
79,9,0.0011806437279201028
79,11,0.0015592831536149414
79,12,0.0018067990025447305
79,13,0.002113814308457674
79,14,0.002495426814106141
79,15,0.0029780472318399163
79,16,0.003604446275820589
79,17,0.004418964376816174
79,18,0.00542084298926413
79,19,0.006525307251495753
79,20,0.007616858747419431
79,21,0.008691297517886032
79,22,0.009915458407041522
79,23,0.011499702139759234
79,24,0.013529340708195907
79,25,0.01592066931255151
79,26,0.018508475324352267
79,27,0.02119166886317382
79,28,0.023991081451730255
79,29,0.02689674629239641
79,30,0.029696531152271798
79,31,0.03214559765771715
79,32,0.034334351089913735
79,33,0.03663670663988145
79,34,0.039142549058591665
79,35,0.04132921413812039
79,36,0.04252850445383692
79,37,0.04264249667282823
79,38,0.042168492023973346
79,39,0.04155791875730857
79,40,0.04077118382822465
79,41,0.03947830493475046
79,42,0.03752306734653229
79,43,0.03507455047992538
79,44,0.0323809594604888
79,45,0.029529702314515616
79,46,0.026516958650446114
79,47,0.02345675954844892
79,48,0.02058443447761915
79,49,0.018047982680197378
79,50,0.015796073509896636
79,51,0.013706017496020748
79,52,0.01176057538859496
79,53,0.010056104308332862
79,54,0.008666905958433035
79,55,0.007549976010257878
79,56,0.006591188968277693
79,57,0.005717706800904244
79,58,0.004938335086068769
79,59,0.004277033243588571
79,60,0.0037071435854719942
79,61,0.003185601711876962
79,62,0.002725301010034261
79,63,0.002379217513088879
79,65,0.0020157245955061604
79,67,0.0018272018059100757
79,68,0.0017622027722935505
79,69,0.0016697602551797054
79,70,0.0015163817542247246
79,74,8.965691657995886e-4
79,75,8.184596686443126e-4
79,77,6.310287180113234e-4
79,79,0.002893943099372299
79,84,3.905790377245415e-4
79,86,3.866192900321559e-4
79,89,2.4350122671788692e-4
79,96,1.2603700829094097e-4
79,97,1.3694115446482474e-4
79,100,0.0061547240564115095
80,4,3.9736885019231634e-4
80,6,6.025247269028235e-4
80,7,7.373387844891992e-4
80,8,8.649453710343931e-4
80,11,0.0012846145879001182
80,12,0.0015268244191322428
80,13,0.0018400113011197968
80,14,0.0022200744137647267
80,15,0.0026671141960866304
80,16,0.003201298927509778
80,17,0.0038587792614556645
80,18,0.004645224458356755
80,19,0.005494749256848502
80,20,0.0063226815527190885
80,21,0.007151015543087724
80,22,0.008142466589489333
80,23,0.009478333976271378
80,24,0.011225237820185982
80,25,0.013312540160664457
80,26,0.01561721220799113
80,27,0.0180974598262096
80,28,0.020820471809670442
80,29,0.023775450361501475
80,30,0.026715840862256594
80,31,0.02937470071319567
80,32,0.0318381181070303
80,33,0.03447029700524266
80,34,0.037349364593354674
80,35,0.039941210142060944
80,36,0.04153750969211955
80,37,0.04198050292534018
80,38,0.04177582027287394
80,39,0.04149526123722045
80,40,0.041222580619443235
80,41,0.040617419590719926
80,42,0.03939423429930565
80,43,0.03759352419586136
80,44,0.035397778176755545
80,45,0.0328698189199242
80,46,0.029999081717369536
80,47,0.02691174755781656
80,48,0.02386658874489223
80,49,0.021030248360336515
80,50,0.01837142237524544
80,51,0.015814641658628857
80,52,0.013422817394512733
80,53,0.011367111126004845
80,54,0.009741662902377669
80,55,0.008467248356411342
80,56,0.0073829648664119184
80,57,0.0063883964811288045
80,58,0.0054822745433726824
80,59,0.004695925488352495
80,60,0.004025093276134976
80,61,0.003440486977466986
80,62,0.0029418988099688286
80,63,0.0025584102924443427
80,64,0.0022939705655027677
80,67,0.001902194268339699
80,68,0.0018422819726344652
80,69,0.0017554328510278104
80,70,0.0016056406315783647
80,71,0.0014087389457129846
80,72,0.001213308680129597
80,73,0.001058640795436974
80,75,8.964075810807571e-4
80,76,8.414857983266348e-4
80,77,7.570549560535878e-4
80,78,6.314816490060366e-4
80,79,4.8488512630194184e-4
80,80,0.0038844379703811605
80,84,3.8496115171345e-4
80,85,4.3041843457761674e-4
80,88,3.464926211411384e-4
80,90,2.619075564577948e-4
80,94,1.361929243067152e-4
80,100,0.005098324836125273
81,8,7.483412337442256e-4
81,11,0.0010644331524037546
81,13,0.0016092535651820775
81,15,0.0023834270013569935
81,16,0.0028320806474936653
81,17,0.003358831962221725
81,19,0.004658532927138366
81,20,0.0053101745130323215
81,21,0.0059653421354705785
81,22,0.006776961490754858
81,23,0.007906066359010729
81,24,0.00940746604571251
81,25,0.011227616298135566
81,26,0.013294645051566214
81,27,0.015625639311477264
81,28,0.01830751315703864
81,29,0.02129967684539483
81,30,0.02432618670026436
81,31,0.027124292618117128
81,32,0.029781758501415227
81,33,0.032637396855512
81,34,0.035757265690365955
81,35,0.03862554909752186
81,36,0.04053121052970615
81,37,0.04128090305823717
81,38,0.0413939838428256
81,39,0.04154167564696618
81,40,0.0418805084315942
81,41,0.04200017940898137
81,42,0.04145295900948045
81,43,0.0401690117662452
81,44,0.038331938511949305
81,45,0.0360593148053937
81,46,0.03337111502653079
81,47,0.03037411022924706
81,48,0.027277441865127216
81,49,0.024207234197413267
81,50,0.021145792753983646
81,51,0.01810376332400261
81,52,0.015262994829920452
81,53,0.012872747649564807
81,54,0.011022662934086713
81,55,0.009576435905670427
81,56,0.008329441490380214
81,57,0.007179075233950109
81,58,0.006140710072623736
81,59,0.005256635016845334
81,60,0.004522814891580042
81,61,0.0038981399468197577
81,62,0.0033609163287811367
81,63,0.0029219597579014326
81,64,0.0025822399445501825
81,65,0.002318705799467018
81,66,0.002119254089992023
81,67,0.0019898472439988297
81,68,0.0019129023715816515
81,69,0.0018328693916671262
81,70,0.0017015276046516347
81,71,0.001519836407181183
81,72,0.0013268233879283027
81,75,9.95148601526977e-4
81,76,9.482534747508374e-4
81,77,8.664598452722835e-4
81,78,7.277135152241953e-4
81,81,0.003884437970381161
81,86,4.889950351119228e-4
81,98,1.9253285445052206e-4
81,100,0.005098324836125273
82,2,2.593320303343733e-4
82,6,5.195937948508105e-4
82,11,8.731300521770653e-4
82,13,0.0013704660041749602
82,14,0.0017030317406281903
82,15,0.0020530519976236865
82,16,0.002414356854271578
82,18,0.0033255811360954324
82,19,0.0038796526872843596
82,20,0.004418388464347227
82,21,0.004954943603184628
82,22,0.005623193041451027
82,23,0.006571965174807221
82,24,0.007858761552525292
82,25,0.009453225856149156
82,26,0.011323098482793871
82,27,0.013513460041445463
82,28,0.016101583873959876
82,29,0.01902343466110392
82,30,0.022013745582032312
82,31,0.024840054664042453
82,32,0.027572266269013754
82,33,0.03048446146301055
82,34,0.03362471422703364
82,35,0.03655173830385653
82,36,0.03864455463160271
82,37,0.03973289883593968
82,38,0.040317108950929104
82,39,0.04106489899047757
82,40,0.04211922221956895
82,41,0.04298628768238121
82,42,0.04308764612843081
82,43,0.04227153000067261
82,44,0.04074812424783833
82,45,0.038728228159658734
82,46,0.03629340959569717
82,47,0.03352005915689697
82,48,0.03051379703719086
82,49,0.027304480586463814
82,50,0.023879206185718108
82,51,0.02037663939289708
82,52,0.017138004245287213
82,53,0.014483124938913416
82,54,0.012454057973933218
82,55,0.010825590812328638
82,56,0.00936075869855189
82,57,0.008006124093603156
82,58,0.006845936283808694
82,59,0.0059388003240641975
82,60,0.005232792866472193
82,61,0.0046195052700873035
82,62,0.0040405343351297834
82,63,0.003511964142943699
82,64,0.0030571366703633722
82,65,0.002670869441129511
82,68,0.0020186632543170934
82,69,0.001940664749433273
82,70,0.0018365716509807183
82,71,0.0016805249171401007
82,73,0.0013173916512379113
82,77,9.194540917581624e-4
82,82,0.0038844379703811605
82,87,5.630044298339216e-4
82,89,4.402201838424752e-4
82,95,2.0021880777251617e-4
82,100,0.005098324836125273
83,3,3.309231233117879e-4
83,10,6.042346083479868e-4
83,15,0.0017273741170107438
83,16,0.002006142364479518
83,17,0.0023130024490372577
83,18,0.002695759056207231
83,19,0.0031405137189747844
83,20,0.0035875936515254257
83,21,0.004037791149566544
83,23,0.00540587632064738
83,24,0.006517625869085383
83,25,0.007919620953252727
83,26,0.00959389346919374
83,27,0.011583045632619702
83,28,0.013949986969179413
83,29,0.016644326752918062
83,30,0.01946179871120806
83,31,0.02221622396520019
83,32,0.024929668968469355
83,33,0.027768387579945267
83,34,0.03075096027945486
83,35,0.03355948350725741
83,36,0.03575386582117836
83,37,0.03723990737903788
83,38,0.038441307937413294
83,39,0.03989145475522345
83,40,0.041645561358455215
83,41,0.043177156391647195
83,42,0.04387747552152776
83,43,0.04355676292526713
83,44,0.04243013239151485
83,45,0.04076986547719769
83,46,0.03870723333993763
83,47,0.03628613939186651
83,48,0.0334987523781148
83,49,0.03025977138366901
83,50,0.026550908766102683
83,51,0.022650904242637947
83,52,0.019081182595944796
83,53,0.0162342191286988
83,54,0.01407997508483377
83,55,0.012275369285071839
83,56,0.010550249145020275
83,57,0.00893989278473187
83,58,0.0076490879168835115
83,59,0.006768408717029789
83,60,0.0061617527711209825
83,61,0.005601317690345382
83,62,0.00497139313814323
83,63,0.0043127023536627795
83,64,0.0037005712678810296
83,65,0.0031592831044883153
83,66,0.0027004238849698595
83,67,0.0023634771520263448
83,68,0.0021712460752641963
83,69,0.002077420829806344
83,70,0.001995302163135111
83,71,0.0018672310492309327
83,72,0.001689959954106809
83,73,0.0014932335491158954
83,75,0.001174786072331309
83,76,0.0010583189879867232
83,83,0.0038844379703811605
83,84,5.426118584293574e-4
83,85,6.574747622365299e-4
83,86,7.025586503316456e-4
83,87,6.759846214201915e-4
83,89,5.05503334917598e-4
83,95,2.3341012660852106e-4
83,99,1.414564600355438e-4
83,100,0.005098324836125273
84,5,3.7331071827965864e-4
84,8,4.5926053583147567e-4
84,12,7.903531332870037e-4
84,13,0.0010093352137436032
84,14,0.001260592511157172
84,15,0.0015045176111877535
84,16,0.0017233948913305962
84,18,0.0022291720636973393
84,20,0.0029393852708445517
84,21,0.003336078906282887
84,22,0.003844026160214297
84,23,0.004566641113869273
84,24,0.005549663300033409
84,25,0.006776936422395012
84,26,0.00823169280137954
84,27,0.009952246596976636
84,28,0.012005339591817661
84,29,0.01438496432861067
84,30,0.016971624281222876
84,31,0.019633125538769832
84,32,0.02234164046621017
84,33,0.025146192174087745
84,34,0.02801594275952773
84,35,0.03073930221454771
84,36,0.03306314870291498
84,37,0.03498365122301668
84,38,0.036825147895860416
84,39,0.03892444004008014
84,40,0.04122142592964786
84,41,0.043225513609877836
84,42,0.04441338548377424
84,43,0.04461364314417457
84,44,0.04400461444092329
84,45,0.042835111039783
84,46,0.041235605362252556
84,47,0.0392336202118142
84,48,0.036756672954740284
84,49,0.03362109393764427
84,50,0.029760814466176712
84,51,0.025538237092932792
84,52,0.021647760494736188
84,53,0.018595045221468764
84,54,0.016309562304329006
84,55,0.014320919356121883
84,56,0.012298290999214687
84,57,0.010358500485866335
84,58,0.008849964305464498
84,59,0.007925571366356863
84,60,0.00737599166916936
84,61,0.006842815145491225
84,62,0.006137380545013757
84,63,0.005320886178606825
84,64,0.004528343588824328
84,65,0.003820579206971293
84,68,0.002461977999989381
84,70,0.0022299281952660897
84,72,0.001926284374341375
84,73,0.0016983780105005147
84,75,0.001265457266337699
84,77,9.435944517437138e-4
84,81,4.079632449309944e-4
84,83,5.78075475245073e-4
84,84,0.004253781575216683
84,89,5.32990027750133e-4
84,94,2.2889378655062311e-4
84,100,0.005100200583574256
85,1,2.422513312733242e-4
85,2,2.9424785969202506e-4
85,7,3.8227923962295566e-4
85,9,4.4306500803583906e-4
85,12,7.116656858617041e-4
85,15,0.0013242378268093758
85,16,0.0015071353765380624
85,18,0.0018872043822135418
85,19,0.002141266994563153
85,20,0.002441131532152981
85,22,0.0032887244251152184
85,23,0.00395000234187357
85,24,0.004797071589749945
85,25,0.0058057265222469425
85,26,0.006970904325518595
85,27,0.008344587879542786
85,28,0.010008492318901932
85,29,0.011994998809476522
85,30,0.014256245064465604
85,31,0.016723833136429948
85,32,0.019363809201257735
85,33,0.02214721513632613
85,34,0.02497803573593952
85,35,0.02768070342421612
85,36,0.0301187359880851
85,37,0.032358120361720415
85,38,0.034645415212936403
85,39,0.037140312476492014
85,40,0.039680390204215356
85,41,0.041862532646134896
85,42,0.043345837760711804
85,43,0.04404584033364489
85,44,0.04407151648794738
85,45,0.04354016311228919
85,46,0.04250585291648606
85,47,0.04101159540146661
85,48,0.039020400242508635
85,49,0.03630230992699631
85,50,0.03267452203096399
85,51,0.02845068823108058
85,52,0.02442671725653335
85,53,0.021254884050943536
85,54,0.018896333612603868
85,55,0.016786381916514683
85,56,0.014509625044126338
85,57,0.012219765693477436
85,58,0.01039174020044393
85,59,0.009270281402667958
85,60,0.008629548619552025
85,61,0.008029356980666142
85,62,0.007223566427531673
85,63,0.006276502273376737
85,64,0.005356728566785612
85,65,0.004545857154619667
85,66,0.003853433884159091
85,68,0.0029328720729215703
85,69,0.0027149158019217426
85,71,0.0024095193809446137
85,72,0.002193769888250825
85,75,0.0013538249529866473
85,76,0.0011513247997425981
85,77,9.896093250277868e-4
85,79,7.191328104504287e-4
85,82,6.457868185944173e-4
85,85,0.004387148604984626
85,86,9.538058710671814e-4
85,95,3.1762020658555006e-4
85,100,0.005100877901016851
86,10,4.6142718445645975e-4
86,17,0.0014871782179382497
86,18,0.001656356209495058
86,22,0.002932011241956455
86,23,0.0035474550647678267
86,24,0.00427268487006538
86,25,0.00507955674731266
86,26,0.005986865856769713
86,28,0.008420866028725571
86,29,0.010072392192203993
86,30,0.012006412021823662
86,31,0.014216745331284463
86,32,0.016722917332350012
86,33,0.019488373430006527
86,34,0.02236020090854291
86,35,0.025127910614405845
86,36,0.027677576524143023
86,37,0.030107867957971112
86,38,0.032634460258811476
86,39,0.03531440372193899
86,40,0.03791530892077285
86,41,0.040116406826921844
86,42,0.04177369575178865
86,43,0.042931924381209206
86,44,0.0436359707100942
86,45,0.04380519726807135
86,46,0.04334897176180361
86,47,0.04234880417919259
86,48,0.04090815487311729
86,49,0.038826977053027054
86,50,0.035766735491408436
86,51,0.031871478637721
86,52,0.027942286971407902
86,53,0.02476757778314509
86,54,0.02238756470076415
86,55,0.020182179735037706
86,56,0.01764580779629365
86,57,0.014938087847577143
86,58,0.012645501565404374
86,59,0.011123986753842432
86,60,0.010177765542571516
86,61,0.009341994855877679
86,62,0.008353887065144854
86,63,0.007280777260033697
86,64,0.006290672643886149
86,65,0.00544989352025173
86,66,0.004739979085923674
86,67,0.00415353788907781
86,68,0.0037066657197929
86,69,0.0033878823072193837
86,70,0.003144642281357868
86,73,0.0022707579051144218
86,74,0.0018770847122439817
86,78,0.0010054452121957286
86,79,9.379695335120913e-4
86,81,8.457935701826883e-4
86,83,9.759293995876586e-4
86,84,0.0010880992097928712
86,85,0.001112612592951968
86,86,0.0038844379703811605
86,93,2.584028629353631e-4
86,99,1.6116330026959885e-4
86,100,0.005098324836125273
87,13,7.282596851616865e-4
87,14,8.56590813562047e-4
87,17,0.0012691288658075817
87,19,0.0015996007505232844
87,20,0.0018221560812972802
87,21,0.0021374095148160048
87,23,0.0031292056009821763
87,25,0.004408664926404489
87,26,0.005150509199322599
87,28,0.007199649788852125
87,30,0.010181637619288746
87,31,0.012042264919673721
87,32,0.014270686647266096
87,33,0.01687714076965662
87,34,0.019686554438219643
87,35,0.022443336529279875
87,36,0.02501317120014316
87,37,0.02749487400607079
87,38,0.03008956459612894
87,39,0.03280861949489178
87,40,0.035391041996230214
87,41,0.03758113833820648
87,42,0.03938575447854853
87,43,0.04096465667708712
87,44,0.04231627284014715
87,45,0.04316468193206044
87,46,0.04325783147469247
87,47,0.04272562611702692
87,48,0.04187066848936484
87,49,0.04059279620229978
87,50,0.0384177462540809
87,51,0.03525531591559709
87,52,0.031789030709755375
87,53,0.028847503061818377
87,54,0.026547626631311484
87,55,0.02427750699658829
87,56,0.02149002951620289
87,57,0.018350297592333868
87,58,0.015532898900238137
87,59,0.01349229552670885
87,60,0.012080425289364082
87,61,0.010858124470251727
87,62,0.009598941530354729
87,63,0.008385956978583587
87,64,0.007354712773658278
87,65,0.006517161842314031
87,66,0.005808992770593599
87,67,0.005189302049732237
87,68,0.004660987399407796
87,69,0.004234061576038391
87,70,0.0038958225876197005
87,71,0.003596244730143736
87,72,0.0032539186854469372
87,78,0.0012425380071248995
87,79,0.001216457287455049
87,82,0.0011058660515914271
87,83,0.001155640269182926
87,87,0.0038844379703811605
87,94,4.023377969826282e-4
87,100,0.005098324836125273
88,13,6.560278419139387e-4
88,20,0.0015059128032858028
88,22,0.0021135401001460123
88,23,0.002552823387396109
88,24,0.0030563077724942646
88,25,0.0036209418348865647
88,26,0.004288304223232491
88,27,0.005120771636791543
88,28,0.006142626660862021
88,29,0.007305334380695756
88,30,0.008564436935102435
88,31,0.01000437117528581
88,32,0.011804118666159795
88,33,0.014033374997084765
88,34,0.016539575497474025
88,35,0.01906924588809042
88,36,0.021485299701826083
88,37,0.02387275715621934
88,38,0.026402554993791887
88,39,0.029057837597318854
88,40,0.031584866702105925
88,41,0.03378293962538318
88,42,0.03573529510789446
88,43,0.03764921633839982
88,44,0.039488073785440836
88,45,0.040859928142128944
88,46,0.04142441612355572
88,47,0.04136949688358099
88,48,0.04116528698448992
88,49,0.04081325954619638
88,50,0.039755888010995236
88,51,0.037681899950878436
88,52,0.035055079615603973
88,53,0.032602860973905495
88,54,0.03048381622642097
88,55,0.0281845620250122
88,56,0.025213995349673328
88,57,0.02175383271373177
88,58,0.01850910262667204
88,59,0.015979985360089082
88,60,0.014069120827858309
88,61,0.012412747581418552
88,62,0.010862706388742038
88,63,0.009513278520144606
88,64,0.008433698227011862
88,65,0.007561162620597667
88,66,0.006796881465278852
88,68,0.005468056523992613
88,69,0.004952441339537994
88,70,0.00456496959586497
88,71,0.004255491642236471
88,72,0.003909256447065715
88,74,0.0028843703819011112
88,75,0.002349976515558835
88,78,0.0015438302769964019
88,80,0.0014437949943108177
88,84,0.001315695677716795
88,85,0.0012455539135247996
88,88,0.0038844379703811605
88,93,3.8091534477217116e-4
88,94,4.732116923527783e-4
88,98,2.9011187439354863e-4
88,100,0.005098324836125273
89,10,3.7131048571887817e-4
89,11,4.679219909967802e-4
89,14,6.588763802686907e-4
89,19,0.0011067862780908492
89,20,0.0012941277920363622
89,27,0.004441151522994577
89,29,0.006544827490298568
89,32,0.010141424917911314
89,33,0.011984513947573227
89,34,0.014154986625858384
89,35,0.016444957598855833
89,36,0.018735750912813036
89,37,0.021097197257271848
89,38,0.023659527964835607
89,39,0.026371110699503476
89,40,0.02898025530417102
89,41,0.03131461733495579
89,42,0.03348126184631993
89,43,0.0356964943047494
89,44,0.03791173154470428
89,45,0.03970245603891158
89,46,0.04072004877994501
89,47,0.04121419536947555
89,48,0.041750479608259464
89,49,0.04236872859247735
89,50,0.042440052397111655
89,51,0.041479599592497446
89,52,0.039729540051724306
89,53,0.0377621693550257
89,54,0.03574990442844992
89,55,0.03331533196616803
89,56,0.030078631217563823
89,57,0.026250695292633856
89,58,0.02253275900604259
89,59,0.019434467376290336
89,60,0.016911263428015317
89,61,0.014707046967323584
89,62,0.012770969737603279
89,63,0.011193183565548907
89,64,0.009950785327944368
89,65,0.00890438089572078
89,66,0.007950443618049379
89,67,0.00707515675907421
89,68,0.006313910380133671
89,69,0.005714069424746917
89,72,0.004673183337214788
89,73,0.004214664552488127
89,74,0.003652067666427225
89,75,0.0030912769458646444
89,76,0.002608929966749344
89,77,0.0022390371186502573
89,78,0.001993766525180687
89,79,0.001845210816939952
89,82,0.001544941999260825
89,84,0.0014880072628903464
89,85,0.001379373696804235
89,86,0.0011410227884011473
89,89,0.0038844379703811605
89,91,2.666531399570465e-4
89,100,0.005098324836125273
90,15,5.416979257712477e-4
90,23,0.0015206880070916494
90,28,0.0045539908703638625
90,29,0.005581648212250635
90,30,0.006490010952980003
90,31,0.007344126751849215
90,32,0.008360624611370729
90,33,0.009719839269185456
90,34,0.011436445588685935
90,35,0.013393218392639832
90,36,0.015485410645035778
90,37,0.01773560678725972
90,38,0.020219304963610553
90,39,0.02286344774938161
90,40,0.02542568737617041
90,41,0.027737276942678194
90,42,0.029893768732216656
90,43,0.03212173276397108
90,44,0.03442447763693263
90,45,0.03644446554649842
90,46,0.03787683210811489
90,47,0.03896890133685035
90,48,0.040253871545264004
90,49,0.04175517667808607
90,50,0.04283797363681122
90,51,0.04293530495004843
90,52,0.042090557455369666
90,53,0.040685694874454885
90,54,0.03888575895900914
90,55,0.036483122589025536
90,56,0.03325794603974751
90,57,0.029428517115532175
90,58,0.025585231222116665
90,59,0.022150880218223607
90,60,0.019128699235412307
90,61,0.016421052644158027
90,62,0.01410808294267894
90,63,0.012283831348524012
90,64,0.01084598846955429
90,65,0.009606764015689358
90,66,0.008488116173125627
90,67,0.0075150721125329485
90,68,0.006715489028537545
90,69,0.006102076826111604
90,70,0.005678331845345225
90,71,0.005382364999551621
90,73,0.004659433157813081
90,74,0.004161916904162842
90,75,0.003662402537291534
90,76,0.0031887650853805608
90,80,0.0018827346262696933
90,81,0.0017757714552965153
90,84,0.0016233664708173012
90,90,0.006913470115967886
90,94,5.62278013226802e-4
90,96,5.674654023613329e-4
90,100,0.004237288135593221
91,18,6.983888783257472e-4
91,20,0.0010877082672283228
91,21,0.0011844466368665352
91,28,0.0038713033199819402
91,29,0.004930230759136948
91,30,0.005812221249601394
91,31,0.0065090908230914
91,32,0.007211884467664507
91,33,0.008177354993035877
91,35,0.011352251380832467
91,36,0.013399776517211345
91,37,0.01564326493984234
91,38,0.018117791773210528
91,39,0.02076749469303869
91,40,0.023353846680825515
91,41,0.025663979431403316
91,42,0.027761633475982855
91,43,0.02992703656237245
91,44,0.03228271622729036
91,45,0.03456544860890391
91,46,0.03647917526442468
91,47,0.038205904494473406
91,48,0.0402057066214075
91,49,0.04248268119698279
91,50,0.04440965556071718
91,51,0.04535820342914546
91,52,0.04521543357073753
91,53,0.044224299527084523
91,54,0.04256099092383632
91,55,0.040177035476971115
91,56,0.03701505623982076
91,57,0.033307570381602966
91,58,0.02949738643634813
91,59,0.025843980043596473
91,60,0.02233176774782666
91,61,0.018999817416556403
91,62,0.016095771954962222
91,63,0.013798518463528739
91,64,0.012002452638154346
91,66,0.009240614980723394
91,67,0.008238244092875806
91,68,0.0074605780561157655
91,69,0.006842879895409545
91,70,0.00636861099307753
91,72,0.005640042594710052
91,73,0.005195080207978626
91,75,0.004234660449442931
91,76,0.003764358549189745
91,77,0.00324626611261948
91,78,0.0027220069474968096
91,81,0.0019807841360912266
91,83,0.001957819854857881
91,88,8.443410961313034e-4
91,90,5.836767076951117e-4
91,91,0.006913470115967886
91,100,0.00423728813559322
92,20,0.0010997386408736222
92,24,0.0010475290816291244
92,25,0.0011626824106938998
92,29,0.004273256028357256
92,31,0.005683000712234269
92,32,0.006095717268547287
92,35,0.00937162131995167
92,36,0.011321167690180406
92,37,0.01346017046250892
92,38,0.01581424344975317
92,39,0.018383876959606103
92,40,0.02094197290655749
92,41,0.023206034430947042
92,42,0.02518236686212876
92,43,0.027201722149964008
92,44,0.029524484167047046
92,45,0.03200272378381097
92,46,0.03434223940893304
92,47,0.03661823240925439
92,48,0.03917759461823817
92,49,0.042006566475667174
92,50,0.044528894655114726
92,51,0.046110122290985274
92,52,0.04652686510935197
92,53,0.04590777929943685
92,54,0.04443417505396327
92,55,0.04219830335358349
92,56,0.03931244497870114
92,57,0.03604975501304275
92,58,0.032699565923170464
92,59,0.02928879230732901
92,60,0.025667945385794415
92,61,0.021914510874350996
92,62,0.01843849412935693
92,63,0.015598473649993908
92,64,0.013393125275164204
92,65,0.01164072864481807
92,66,0.010269170815227532
92,67,0.009266080428472472
92,68,0.008513732463375641
92,70,0.007302688399638537
92,71,0.006817064084694264
92,72,0.006331508978423286
92,73,0.005774181833005574
92,75,0.004674162679807037
92,77,0.0035965402698982492
92,80,0.0022345964719597514
92,82,0.0022170056829291748
92,83,0.00222405975100562
92,84,0.0021152666487660307
92,85,0.0018819809397861325
92,86,0.0015860917317966933
92,87,0.0013116324322589167
92,88,0.0011065609563526676
92,92,0.006913470115967886
92,100,0.00423728813559322
93,19,9.186185628096638e-4
93,28,0.002656244781692342
93,29,0.0036432130940506915
93,30,0.004447683534361464
93,31,0.004896230900895123
93,35,0.0074449480506558335
93,36,0.009149184785991075
93,38,0.013184075037861757
93,39,0.015624768453127671
93,40,0.018148742182428155
93,41,0.020407166844910927
93,42,0.022331275026860997
93,43,0.024251668331212995
93,44,0.0265262773125671
93,45,0.02913694535839339
93,46,0.03183353498655477
93,47,0.03458742853078179
93,48,0.0375764716478699
93,49,0.0407132191935975
93,50,0.043498748650674254
93,51,0.045409029787538725
93,52,0.04623116731423882
93,53,0.0460210603408542
93,54,0.04491711779901498
93,55,0.043061847666179605
93,56,0.040671732415031456
93,57,0.038072515765222144
93,58,0.035472982902688445
93,59,0.032707381223068
93,60,0.029427765273771795
93,61,0.025630293393953264
93,62,0.021822981028450702
93,63,0.01856764573839411
93,64,0.016009881768824532
93,65,0.013985901343577089
93,66,0.012385593947300164
93,67,0.011182634683104977
93,68,0.01026114241824926
93,69,0.009464178985837068
93,70,0.008741564610343798
93,71,0.008084729742685225
93,72,0.007408695679372314
93,73,0.006646435341339759
93,75,0.005201216213214202
93,77,0.00393531191411126
93,78,0.0032637679987461417
93,79,0.0027283941321543646
93,80,0.002441856388217915
93,81,0.00237945076177694
93,85,0.002024359614126841
93,89,0.0012580927603054333
93,90,0.001157731032141055
93,93,0.0073677424407795475
93,94,8.421525060120884e-4
93,100,0.0042391998020763705
94,13,2.3074955681050345e-4
94,21,0.0010343716608964765
94,31,0.004205528979795145
94,33,0.004327197137163752
94,34,0.004759965833369101
94,36,0.007029778273578603
94,38,0.010444895959430576
94,39,0.012723580104236042
94,40,0.015208965273060203
94,41,0.017521415948057905
94,42,0.019511929314686753
94,43,0.021441871666971132
94,44,0.023706979599880145
94,45,0.026438199527087116
94,46,0.029490372436042054
94,47,0.03273416915764542
94,48,0.03608978467467963
94,49,0.039298980030184144
94,50,0.04195696384355394
94,51,0.04380410847049293
94,52,0.04481781717682847
94,53,0.04506443542059061
94,54,0.04459711820408858
94,55,0.043480074139367234
94,56,0.04188999967152747
94,57,0.0401407177279793
94,58,0.03841864930247069
94,59,0.03647327219211104
94,60,0.03381215182401482
94,61,0.030322872423209607
94,62,0.026539863756387946
94,63,0.023157371108693307
94,64,0.020413727446275478
94,65,0.018112184256523278
94,66,0.016080524571543183
94,67,0.014349346007376943
94,68,0.012956124829652438
94,69,0.011829954907289561
94,70,0.010868255668657005
94,71,0.00996620825766545
94,72,0.009004523076167337
94,74,0.006919544955069962
94,75,0.006043622453908269
94,76,0.005271087821656122
94,82,0.002526489441258667
94,83,0.002459951967178889
94,91,0.0013735456933256602
94,94,0.006913470115967886
94,100,0.004237288135593221
95,19,7.466924182233615e-4
95,23,6.946143258327503e-4
95,30,0.0030309186750717347
95,31,0.0034248190711810194
95,32,0.0034839877386063293
95,33,0.003432145059614253
95,36,0.004991483584171866
95,37,0.006111789940124857
95,38,0.007604652282143313
95,39,0.009562534532663336
95,41,0.014072781345300114
95,42,0.016098907755034877
95,43,0.018051512739410015
95,44,0.020293070884313997
95,45,0.02307763819758053
95,46,0.02637333949339872
95,47,0.029940213054559083
95,48,0.03341184872473669
95,49,0.03635914367215235
95,50,0.03851992151410724
95,51,0.03997021394074231
95,52,0.04094430737088501
95,53,0.04156879169919112
95,54,0.0418308586324636
95,55,0.04168329695966961
95,56,0.04117243352149957
95,57,0.04049612726389747
95,58,0.039773649519001246
95,59,0.03872416715783626
95,60,0.03682938836401679
95,61,0.03394384008238865
95,62,0.030578980984653507
95,63,0.02744433441763405
95,64,0.02479820016717417
95,65,0.022388695662262287
95,66,0.019967215971403926
95,67,0.017644306464596523
95,68,0.01569386251035575
95,69,0.014198530582951558
95,70,0.012988406981068552
95,71,0.01181780067249979
95,72,0.01054203343055013
95,73,0.009203755554916197
95,74,0.007979389787140783
95,76,0.006090171146474365
95,77,0.005164728562225062
95,78,0.004209801952548018
95,80,0.0028592647353787295
95,81,0.0025891599405382442
95,87,0.0016296312348667201
95,88,0.001679913234755206
95,91,0.0016302127318517713
95,92,0.001531755502775508
95,95,0.006913470115967886
95,100,0.004237288135593221
96,35,0.0032753318935318802
96,43,0.01624132161519489
96,44,0.018744901920351754
96,45,0.021873202472580042
96,46,0.02562409254167509
96,47,0.029621908146457022
96,48,0.03327450063897426
96,49,0.03607757878613645
96,50,0.03794065228756999
96,51,0.03919538681316651
96,52,0.04022147528327237
96,53,0.041167924989395324
96,54,0.04201196556921089
96,55,0.04268994278829878
96,56,0.04318687858669313
96,57,0.04358679109429836
96,58,0.04387811000901381
96,59,0.04367266257740121
96,60,0.04239626291918319
96,61,0.039888509421555696
96,62,0.03666898411994144
96,63,0.03350816839948094
96,64,0.030751837570489236
96,65,0.02813378640647506
96,66,0.02529926919978722
96,67,0.02237040925538662
96,68,0.019812432490075912
96,69,0.017858430779651605
96,70,0.016286164239003188
96,71,0.014725721076193169
96,72,0.013032479618863519
96,74,0.009935235434619973
96,75,0.008829280829401872
96,76,0.007837062208416432
96,77,0.006714198880948273
96,78,0.0054490461824505685
96,82,0.0026562882677617534
96,83,0.0024407824245553417
96,88,0.001970264010976101
96,96,0.006913470115967886
96,100,0.00423728813559322
97,27,7.167468056275577e-4
97,29,0.0014956374265418584
97,33,0.0023452952972812698
97,39,0.005495599393277318
97,43,0.013053713896648273
97,44,0.0155906176285909
97,45,0.018712017503457568
97,46,0.022356964141209117
97,47,0.026105813421402037
97,48,0.02937514133755192
97,49,0.031789654420675974
97,50,0.033425886322073106
97,51,0.03465909272158434
97,52,0.03579284646939774
97,53,0.03692476656700291
97,54,0.03807437191586637
97,55,0.039258121699572476
97,56,0.04048656567717907
97,57,0.04177051583063765
97,58,0.042977724150606356
97,59,0.04363703818272013
97,60,0.04312921714208962
97,61,0.0412158963691468
97,62,0.03832390334079938
97,63,0.03525325242561402
97,64,0.032525605251777716
97,65,0.030004058315589638
97,66,0.02727995602838251
97,67,0.02435352235604199
97,68,0.02166573964456947
97,69,0.019513048015570408
97,70,0.017719130744722644
97,71,0.015933416072380618
97,72,0.014071579448513755
97,73,0.012366225823023966
97,74,0.011060849749679403
97,75,0.010117874209299584
97,76,0.009214306997826372
97,77,0.00802807342990173
97,78,0.006537254890695782
97,80,0.0038720279793249043
97,85,0.0020648646765107576
97,88,0.002100340269349924
97,89,0.002268258101621329
97,90,0.0023191389557805885
97,92,0.0020179185036848465
97,96,0.001029168490566798
97,97,0.006913470115967886
97,98,8.204837070703739e-4
97,100,0.00423728813559322
98,31,0.0019608364755865017
98,37,0.0027568983503723716
98,40,0.006072206242712018
98,41,0.0076600655071729
98,43,0.011700339777469676
98,44,0.014382767868562697
98,46,0.021237572429661775
98,48,0.028023574604604792
98,49,0.030467705148335435
98,50,0.03233705084499836
98,51,0.0339073918375665
98,52,0.03536124857976463
98,53,0.03681000098570049
98,54,0.03837941807953872
98,55,0.04015264320843345
98,56,0.042111965236804175
98,57,0.04418451350907148
98,58,0.04618199173346302
98,59,0.04761487566465668
98,60,0.047775745337040904
98,61,0.04623182573955547
98,62,0.04329099819981447
98,63,0.0398950048226404
98,64,0.03686373011070346
98,65,0.03422722235101381
98,66,0.03149229308007284
98,67,0.02846432158017002
98,69,0.02289209812180264
98,70,0.02064114376766799
98,71,0.018466206746518138
98,73,0.014625147928877542
98,74,0.013500349924432432
98,75,0.012784111884587782
98,76,0.011943168529070262
98,77,0.010546309514934439
98,78,0.008615341844103763
98,79,0.006599160264619492
98,81,0.004117323611695245
98,82,0.0037166759415100587
98,83,0.0034868550355444607
98,84,0.003198618377947903
98,94,0.00179463491341147
98,95,0.001654489720646427
98,98,0.007633836987351211
98,100,0.004240319579791733
99,34,0.001876781322217993
99,40,0.005203828823713548
99,42,0.0077140134370930835
99,44,0.01137429506588302
99,45,0.01372362108856537
99,46,0.016271048898593432
99,47,0.018885368917480737
99,50,0.026519181875807624
99,51,0.028626690123470765
99,52,0.030410238972360934
99,53,0.03234891886677044
99,54,0.03494758431329341
99,55,0.038186581025823535
99,56,0.041540950655646544
99,57,0.04449333104826595
99,58,0.0468951022933759
99,59,0.04870105795172815
99,60,0.04946787719061377
99,61,0.04855848564326921
99,62,0.046045610870651815
99,63,0.04297790097670784
99,64,0.04037166757101685
99,65,0.03823611037490605
99,66,0.035891007772855005
99,67,0.03292395531932776
99,68,0.029555850083004934
99,69,0.026293637432533594
99,70,0.023442802131723735
99,71,0.020991738927930208
99,72,0.018975601493719296
99,74,0.017329510475306717
99,75,0.017255945494705688
99,76,0.016499808753399757
99,77,0.014526706434514872
99,81,0.005942884901817469
99,83,0.005659871532823088
99,85,0.00481554552768582
99,91,0.0026515991392948783
99,96,0.0027165290205401252
99,99,0.006913470115967886
99,100,0.004237288135593221
